area,spring,fall,winter,summer,weekday,weekend,X,Y,FFMC,DMC,DC,ISI,temp,RH,wind,rain
0.0,2.252226,-1.8783636,-0.2345111,-0.36199042,0.72702235,-0.72702235,1.0073371,0.56930906,-0.8051876,-1.3220458,-1.828703,-0.86011153,-1.8408571,0.41132602,1.4971651,-0.07319742
0.0,-0.44314632,0.5313485,4.255942,-0.36199042,0.72702235,-0.72702235,1.0073371,-0.24376495,-0.008101922,-1.1784,0.48842037,-0.50919414,-0.15312988,-0.6917862,-1.7400694,-0.07319742
0.0,-0.44314632,0.5313485,4.255942,-0.36199042,-1.3728131,1.3728131,1.0073371,-0.24376495,-0.008101922,-1.0488068,0.5601756,-0.50919414,-0.73866785,-0.6917862,-1.5168118,-0.07319742
0.0,2.252226,-1.8783636,-0.2345111,-0.36199042,0.72702235,-0.72702235,1.4395306,1.382383,0.19116916,-1.2111887,-1.8964269,-0.0047503025,-1.8236355,3.2303908,-0.009823366,0.6025716
0.0,2.252226,-1.8783636,-0.2345111,-0.36199042,-1.3728131,1.3728131,1.4395306,1.382383,-0.2436036,-0.9301429,-1.7968566,0.12684381,-1.2897626,3.3529587,-1.2377399,-0.07319742
0.0,-0.44314632,0.5313485,-0.2345111,-0.36199042,-1.3728131,1.3728131,1.4395306,1.382383,0.29986373,-0.39927834,-0.2416266,1.2453929,0.57018197,-0.9369223,0.77157813,-0.07319742
0.0,-0.44314632,0.5313485,-0.2345111,-0.36199042,0.72702235,-0.72702235,1.4395306,1.382383,0.29986373,-0.3430692,-0.2109896,-0.114411995,0.8973943,-1.0594903,-0.5121529,-0.07319742
0.0,-0.44314632,0.5313485,-0.2345111,-0.36199042,0.72702235,-0.72702235,1.4395306,1.382383,0.15493855,0.53910255,0.24292153,0.36809942,-1.8753005,2.5562665,-1.0144824,-0.07319742
0.0,-0.44314632,0.5313485,-0.2345111,-0.36199042,0.72702235,-0.72702235,1.4395306,1.382383,0.06436066,0.29084542,0.5831531,-0.44339707,-0.9969934,1.1467342,0.77157813,-0.07319742
0.0,-0.44314632,0.5313485,-0.2345111,-0.36199042,-1.3728131,1.3728131,1.0073371,0.56930906,0.33609432,-0.35712153,0.6073403,-0.42146474,0.6735119,-0.26279813,-0.009823366,-0.07319742
0.0,-0.44314632,0.5313485,-0.2345111,-0.36199042,-1.3728131,1.3728131,1.0073371,0.56930906,0.33609432,-0.35712153,0.6073403,-0.42146474,-0.18757342,0.41132602,1.776237,-0.07319742
0.0,-0.44314632,0.5313485,-0.2345111,-0.36199042,-1.3728131,1.3728131,1.0073371,0.56930906,0.39044163,-0.5882037,0.66538936,2.9780478,0.07075219,-0.38536617,-0.009823366,-0.07319742
0.0,-0.44314632,0.5313485,-0.2345111,-0.36199042,0.72702235,-0.72702235,0.57514346,0.56930906,-4.9174232,-0.62567645,0.47310194,-1.803202,-0.32534695,1.6982903,1.4971651,-0.07319742
0.0,-0.44314632,0.5313485,-0.2345111,-0.36199042,0.72702235,-0.72702235,0.57514346,0.56930906,0.046245363,0.24400443,0.55856305,-0.44339707,0.41518632,-0.1402301,-1.0144824,-0.07319742
0.0,-0.44314632,0.5313485,-0.2345111,-0.36199042,0.72702235,-0.72702235,0.57514346,0.56930906,0.4085569,0.35017738,0.61137146,0.039114334,1.2934934,-1.4271945,0.26924857,-0.07319742
0.0,-0.44314632,0.5313485,-0.2345111,-0.36199042,0.72702235,-0.72702235,0.57514346,0.56930906,0.4810195,0.4735252,0.66901755,1.0699342,0.69073373,-0.017662076,0.77157813,-0.07319742
0.0,2.252226,-1.8783636,-0.2345111,-0.36199042,-1.3728131,1.3728131,0.14294988,0.56930906,0.19116916,-1.1721545,-1.883124,-0.26793832,-0.6525593,-1.0594903,0.77157813,-0.07319742
0.0,-0.44314632,0.5313485,4.255942,-0.36199042,0.72702235,-0.72702235,1.4395306,0.56930906,-1.0406892,-1.2189956,0.46866775,-1.3206906,-0.37701192,0.16618997,0.49250618,-0.07319742
0.0,2.252226,-1.8783636,-0.2345111,-0.36199042,0.72702235,-0.72702235,0.57514346,-0.24376495,-0.26172027,-1.2955025,-1.9234358,-0.5969234,-0.51478577,-0.5692182,-0.009823366,-0.07319742
0.0,2.252226,-1.8783636,-0.2345111,2.7571604,-1.3728131,1.3728131,0.57514346,-0.24376495,-0.78707093,-1.3033093,-1.8174157,-0.86011153,-1.6514183,-0.017662076,0.26924857,-0.07319742
0.0,-0.44314632,0.5313485,-0.2345111,-0.36199042,0.72702235,-0.72702235,0.57514346,-0.24376495,0.06436066,0.29084542,0.5831531,-0.44339707,-0.10146488,-0.26279813,-0.7354104,-0.07319742
0.0,-0.44314632,0.5313485,-0.2345111,-0.36199042,0.72702235,-0.72702235,0.14294988,-0.24376495,0.20928584,-0.5054513,0.7109417,0.039114334,0.03630897,-0.38536617,-0.7354104,-0.07319742
0.0,-0.44314632,-1.8783636,-0.2345111,2.7571604,-1.3728131,1.3728131,1.0073371,-0.24376495,0.6621753,-0.22752808,-1.4026071,10.32538,0.36352134,-0.017662076,0.26924857,-0.07319742
0.0,-0.44314632,0.5313485,-0.2345111,-0.36199042,-1.3728131,1.3728131,1.0073371,-0.24376495,-0.08056451,0.0004313436,-0.04248611,-0.61885583,0.10519573,-0.07894609,0.99483573,-0.07319742
0.0,-0.44314632,0.5313485,-0.2345111,-0.36199042,-1.3728131,1.3728131,1.0073371,-0.24376495,0.5172501,0.44542056,0.18648498,2.4736037,0.82850754,-0.75307024,0.99483573,-0.07319742
0.0,-0.44314632,0.5313485,-0.2345111,-0.36199042,-1.3728131,1.3728131,1.0073371,-0.24376495,0.13682325,0.49226156,0.21550955,0.3461672,-0.445899,0.96288216,0.77157813,-0.07319742
0.0,-0.44314632,0.5313485,-0.2345111,-0.36199042,0.72702235,-0.72702235,1.0073371,-0.24376495,0.31797904,0.10972697,0.48398617,0.6970845,0.0190872,-0.6305022,0.99483573,-0.07319742
0.0,-0.44314632,0.5313485,-0.2345111,-0.36199042,0.72702235,-0.72702235,1.0073371,-0.24376495,0.046245363,0.24400443,0.55856305,-0.44339707,0.08797396,0.22747399,-1.5168118,-0.07319742
0.0,-0.44314632,0.5313485,-0.2345111,-0.36199042,-1.3728131,1.3728131,0.57514346,-1.056839,0.4991348,0.53910255,0.6992514,-0.20214127,1.9479185,-1.2433424,-0.7354104,-0.07319742
0.0,-0.44314632,0.5313485,-0.2345111,-0.36199042,-1.3728131,1.3728131,0.57514346,-1.056839,0.5172501,0.599996,0.7282757,-0.20214127,0.6735119,-0.32408217,-0.23308098,-0.07319742
0.0,-0.44314632,0.5313485,-0.2345111,-0.36199042,0.72702235,-0.72702235,0.57514346,-1.056839,0.6621753,-0.40240115,0.58194387,1.5085809,1.1212764,-1.2433424,-0.23308098,-0.07319742
0.0,-0.44314632,0.5313485,-0.2345111,-0.36199042,0.72702235,-0.72702235,0.57514346,-1.056839,-0.37041348,-0.29778954,0.6528928,-0.42146474,-1.324206,2.0659945,1.9994946,-0.07319742
0.0,-0.44314632,0.5313485,-0.2345111,-0.36199042,0.72702235,-0.72702235,0.57514346,-1.056839,-0.37041348,-0.64285153,0.640396,-0.7065851,0.29463458,-0.44665018,-1.2377399,-0.07319742
0.0,-0.44314632,0.5313485,-0.2345111,-0.36199042,-1.3728131,1.3728131,0.57514346,-1.056839,0.19116916,-0.55073094,0.6867546,-0.26793832,-0.20479485,-0.32408217,-0.23308098,-0.07319742
0.0,-0.44314632,0.5313485,-0.2345111,-0.36199042,0.72702235,-0.72702235,0.57514346,-1.056839,0.20928584,-0.5054513,0.7109417,0.039114334,0.3979649,-0.75307024,-0.7354104,-0.07319742
0.0,-0.44314632,0.5313485,-0.2345111,-0.36199042,0.72702235,-0.72702235,0.57514346,-1.056839,-0.062447824,-0.47110128,0.7347258,-0.5969234,-0.118686326,1.0854502,0.26924857,-0.07319742
0.0,-0.44314632,0.5313485,4.255942,-0.36199042,0.72702235,-0.72702235,0.57514346,-1.056839,-0.008101922,-1.1784,0.48842037,-0.50919414,0.48407343,-1.2433424,0.26924857,-0.07319742
0.0,-0.44314632,0.5313485,4.255942,-0.36199042,0.72702235,-0.72702235,1.0073371,-0.24376495,-0.11679511,-1.0831567,0.5428413,-0.07054736,-1.3069842,0.96288216,0.77157813,-0.07319742
0.0,-0.44314632,0.5313485,4.255942,-0.36199042,-1.3728131,1.3728131,1.0073371,-1.056839,-0.008101922,-1.0488068,0.5601756,-0.50919414,-0.18757342,-1.0594903,-0.009823366,-0.07319742
0.0,2.252226,-1.8783636,-0.2345111,-0.36199042,0.72702235,-0.72702235,-0.28924373,-0.24376495,-0.46099135,-1.3298527,-1.9363356,-1.1452318,-0.82477635,-0.07894609,-0.7354104,-0.07319742
0.0,-0.44314632,0.5313485,-0.2345111,2.7571604,0.72702235,-0.72702235,-0.28924373,-0.24376495,-2.0189307,-0.78493583,-0.73060894,-1.6496757,0.7596205,-0.44665018,-0.5121529,-0.07319742
0.0,-0.44314632,0.5313485,-0.2345111,-0.36199042,-1.3728131,1.3728131,-0.28924373,-0.24376495,-0.08056451,-0.21815991,0.30742046,-0.026682725,-0.08424311,-0.1402301,1.4971651,-0.07319742
0.0,-0.44314632,0.5313485,-0.2345111,-0.36199042,0.72702235,-0.72702235,-0.28924373,-0.24376495,0.75275314,-0.04016415,0.39973438,1.7498368,-0.3942337,0.59517807,0.77157813,-0.07319742
0.0,-0.44314632,0.5313485,-0.2345111,-0.36199042,-1.3728131,1.3728131,-0.28924373,-0.24376495,0.33609432,-0.35712153,0.6073403,-0.42146474,0.12241751,0.22747399,-0.7354104,-0.07319742
0.0,-0.44314632,0.5313485,-0.2345111,-0.36199042,0.72702235,-0.72702235,-0.28924373,-0.24376495,-0.09867981,-0.43675116,0.7568973,-0.61885583,-1.031437,1.8208584,0.49250618,-0.07319742
0.0,-0.44314632,0.5313485,-0.2345111,-0.36199042,0.72702235,-0.72702235,0.14294988,1.382383,0.6621753,-0.40240115,0.58194387,1.5085809,1.207385,-1.2433424,-0.009823366,-0.07319742
0.0,-0.44314632,0.5313485,-0.2345111,-0.36199042,0.72702235,-0.72702235,0.14294988,1.382383,0.046245363,0.24400443,0.55856305,-0.44339707,-0.7214462,1.5757223,-0.23308098,-0.07319742
0.0,-0.44314632,0.5313485,-0.2345111,2.7571604,0.72702235,-0.72702235,0.57514346,1.382383,0.6440586,-0.75839263,-0.42343295,0.43389645,0.7079555,-0.5079342,-0.5121529,-0.07319742
0.0,2.252226,-1.8783636,-0.2345111,-0.36199042,0.72702235,-0.72702235,-0.28924373,-0.24376495,-0.62403184,-1.3579571,-1.948026,-1.0794349,-1.2208756,-0.5692182,-1.2377399,-0.07319742
0.0,2.252226,-1.8783636,-0.2345111,-0.36199042,0.72702235,-0.72702235,-0.28924373,-0.24376495,-0.5515692,-0.91609055,-1.7904068,-0.88204384,-1.3586494,0.104905955,0.99483573,-0.07319742
0.0,-0.44314632,0.5313485,-0.2345111,-0.36199042,0.72702235,-0.72702235,-0.28924373,-0.24376495,0.4085569,0.40794787,0.6387837,0.039114334,0.32907778,-1.6723305,-1.5168118,-0.07319742
0.0,-0.44314632,0.5313485,-0.2345111,-0.36199042,-1.3728131,1.3728131,-0.28924373,-1.056839,-0.08056451,-0.17600307,0.33563873,-0.5969234,0.44962987,-0.6305022,-1.0144824,-0.07319742
0.0,-0.44314632,0.5313485,-0.2345111,-0.36199042,0.72702235,-0.72702235,-0.28924373,-1.056839,0.26363173,0.0051153703,0.42795265,0.12684381,0.26019102,-0.1402301,0.49250618,-0.07319742
0.0,-0.44314632,0.5313485,-0.2345111,-0.36199042,0.72702235,-0.72702235,-0.28924373,-1.056839,0.26363173,0.0051153703,0.42795265,0.12684381,0.26019102,-0.1402301,0.49250618,-0.07319742
0.0,-0.44314632,0.5313485,-0.2345111,-0.36199042,0.72702235,-0.72702235,-0.28924373,-1.056839,0.19116916,0.053517815,0.45697722,-0.5969234,-0.22201663,0.04362194,-0.23308098,-0.07319742
0.0,-0.44314632,0.5313485,-0.2345111,-0.36199042,0.72702235,-0.72702235,-0.28924373,-1.056839,0.4085569,0.40794787,0.6387837,0.039114334,1.5173758,-1.2433424,-1.0144824,-0.07319742
0.0,-0.44314632,0.5313485,-0.2345111,-0.36199042,0.72702235,-0.72702235,-0.28924373,-1.056839,-0.062447824,-0.47110128,0.7347258,-0.5969234,-0.18757342,1.1467342,0.49250618,-0.07319742
0.0,-0.44314632,0.5313485,4.255942,-0.36199042,-1.3728131,1.3728131,-0.28924373,-1.056839,0.35420963,-1.0050884,0.5799283,-0.048614938,-0.87644154,0.35004202,-0.7354104,-0.07319742
0.0,2.252226,-1.8783636,-0.2345111,-0.36199042,0.72702235,-0.72702235,-1.1536309,-1.869913,-1.2037297,-1.5859166,-2.0717833,-1.5180817,-0.8592199,-0.26279813,0.77157813,-0.07319742
0.0,2.252226,-1.8783636,-0.2345111,-0.36199042,0.72702235,-0.72702235,-1.1536309,-1.869913,-0.732725,-1.5250235,-2.0355027,-0.8162468,-1.1347672,0.41132602,-1.7400694,-0.07319742
0.0,2.252226,-1.8783636,-0.2345111,-0.36199042,-1.3728131,1.3728131,-1.1536309,-1.869913,-0.2436036,-0.9301429,-1.7968566,0.12684381,-1.2725408,-0.32408217,0.99483573,-0.07319742
0.0,2.252226,-1.8783636,-0.2345111,-0.36199042,-1.3728131,1.3728131,-1.1536309,-1.869913,-0.2436036,-0.9301429,-1.7968566,0.12684381,-2.305843,0.90159816,1.2739077,-0.07319742
0.0,-0.44314632,0.5313485,-0.2345111,-0.36199042,0.72702235,-0.72702235,-1.1536309,-1.869913,0.42667222,-0.555415,-0.32789388,-0.28987074,-0.015356346,-0.5692182,0.49250618,-0.07319742
0.0,-0.44314632,0.5313485,-0.2345111,-0.36199042,-1.3728131,1.3728131,-1.1536309,-1.869913,-0.08056451,-0.17600307,0.33563873,-0.5969234,0.32907778,-0.6917862,-0.7354104,-0.07319742
0.0,-0.44314632,0.5313485,-0.2345111,-0.36199042,0.72702235,-0.72702235,-1.1536309,-1.869913,0.08247597,-0.119793914,0.3662756,-0.7065851,0.7251772,-0.8143543,-0.5121529,-0.07319742
0.0,-0.44314632,0.5313485,-0.2345111,-0.36199042,0.72702235,-0.72702235,-1.1536309,-1.869913,0.19116916,0.053517815,0.45697722,-0.5969234,-0.04979956,-0.017662076,0.26924857,-0.07319742
0.0,-0.44314632,0.5313485,-0.2345111,-0.36199042,0.72702235,-0.72702235,-1.1536309,-1.869913,0.31797904,0.10972697,0.48398617,0.6970845,0.7079555,-0.44665018,0.26924857,-0.07319742
0.0,-0.44314632,0.5313485,-0.2345111,-0.36199042,0.72702235,-0.72702235,-1.1536309,-1.869913,0.31797904,0.10972697,0.48398617,0.6970845,0.12241751,-0.6917862,0.77157813,-0.07319742
0.0,-0.44314632,0.5313485,-0.2345111,-0.36199042,0.72702235,-0.72702235,-1.1536309,-1.869913,0.31797904,0.10972697,0.48398617,0.6970845,0.12241751,-0.6917862,1.2739077,-0.07319742
0.0,2.252226,-1.8783636,-0.2345111,-0.36199042,0.72702235,-0.72702235,-0.28924373,0.56930906,0.19116916,-1.2111887,-1.8964269,-0.0047503025,-0.2909034,-1.1207744,0.26924857,-0.07319742
0.0,2.252226,-1.8783636,-0.2345111,-0.36199042,0.72702235,-0.72702235,-0.28924373,0.56930906,0.100591265,-0.97698385,-1.8145939,0.7628815,-0.5320074,-1.0594903,1.9994946,-0.07319742
0.0,-0.44314632,0.5313485,-0.2345111,-0.36199042,0.72702235,-0.72702235,-0.28924373,0.56930906,0.6621753,-0.40240115,0.58194387,1.5085809,-0.20479485,-0.44665018,-0.23308098,-0.07319742
0.0,2.252226,-1.8783636,-0.2345111,-0.36199042,0.72702235,-0.72702235,0.14294988,-0.24376495,0.19116916,-1.2111887,-1.8964269,-0.0047503025,-0.5664508,-1.1820583,1.2739077,-0.07319742
0.0,-0.44314632,0.5313485,-0.2345111,-0.36199042,0.72702235,-0.72702235,0.14294988,-0.24376495,-0.3341815,0.5687686,0.26831794,-0.0047503025,-0.27368194,-0.07894609,0.26924857,-0.07319742
0.0,-0.44314632,0.5313485,-0.2345111,-0.36199042,0.72702235,-0.72702235,0.14294988,-0.24376495,0.4810195,0.4735252,0.66901755,1.0699342,1.500154,-0.8756383,-1.5168118,-0.07319742
0.0,2.252226,-1.8783636,-0.2345111,-0.36199042,0.72702235,-0.72702235,1.8717242,3.821605,-1.1674992,-1.6249508,-2.1016142,-0.28987074,-2.0991828,2.1272786,-0.5121529,-0.07319742
0.0,2.252226,-1.8783636,-0.2345111,-0.36199042,0.72702235,-0.72702235,1.8717242,3.821605,-0.732725,-1.5250235,-2.0355027,-0.8162468,-0.54922915,-0.07894609,-0.5121529,-0.07319742
0.0,2.252226,-1.8783636,-0.2345111,-0.36199042,0.72702235,-0.72702235,-1.5858245,-1.056839,-0.5515692,-0.91609055,-1.7904068,-0.88204384,-1.8236355,1.6982903,-0.5121529,-0.07319742
0.0,-0.44314632,0.5313485,-0.2345111,-0.36199042,0.72702235,-0.72702235,-1.5858245,-1.869913,-0.09867981,-0.044848297,-0.07312324,0.7628815,-0.7214462,1.3305863,-0.7354104,-0.07319742
0.0,-0.44314632,0.5313485,-0.2345111,-0.36199042,0.72702235,-0.72702235,-1.5858245,-1.869913,0.06436066,0.16125198,0.0550683,-0.44339707,0.46685165,-1.5497625,1.4971651,-0.07319742
0.0,-0.44314632,0.5313485,-0.2345111,-0.36199042,-1.3728131,1.3728131,-1.5858245,-1.869913,0.13682325,0.49226156,0.21550955,0.3461672,0.10519573,-0.32408217,1.2739077,-0.07319742
0.0,-0.44314632,0.5313485,-0.2345111,-0.36199042,-1.3728131,1.3728131,-1.5858245,-1.869913,-0.08056451,-0.17600307,0.33563873,-0.5969234,-0.17035164,-0.017662076,-1.0144824,-0.07319742
0.0,-0.44314632,0.5313485,-0.2345111,-0.36199042,0.72702235,-0.72702235,-1.5858245,-1.869913,0.75275314,-0.04016415,0.39973438,1.7498368,-0.04979956,0.41132602,0.26924857,-0.07319742
0.0,-0.44314632,0.5313485,-0.2345111,-0.36199042,0.72702235,-0.72702235,-1.5858245,-1.869913,0.26363173,0.0051153703,0.42795265,0.12684381,-0.3942337,0.16618997,-1.7400694,-0.07319742
0.0,-0.44314632,0.5313485,-0.2345111,-0.36199042,0.72702235,-0.72702235,-1.5858245,-1.869913,0.19116916,0.053517815,0.45697722,-0.5969234,0.22574781,0.04362194,-0.23308098,-0.07319742
0.0,-0.44314632,0.5313485,-0.2345111,-0.36199042,0.72702235,-0.72702235,-1.5858245,-1.869913,0.4085569,0.40794787,0.6387837,0.039114334,0.44962987,-1.7948985,-1.7400694,-0.07319742
0.0,-0.44314632,0.5313485,-0.2345111,-0.36199042,0.72702235,-0.72702235,-1.5858245,-1.869913,0.4085569,0.40794787,0.6387837,0.039114334,1.1212764,-1.0594903,-1.0144824,-0.07319742
0.0,-0.44314632,0.5313485,-0.2345111,-0.36199042,0.72702235,-0.72702235,-1.5858245,-1.869913,0.4085569,0.40794787,0.6387837,0.039114334,0.60462517,-0.6305022,-1.0144824,-0.07319742
0.0,-0.44314632,0.5313485,-0.2345111,-0.36199042,-1.3728131,1.3728131,-1.5858245,-1.869913,0.5172501,0.599996,0.7282757,-0.20214127,1.1040546,-0.5079342,-0.23308098,-0.07319742
0.0,2.252226,-1.8783636,-0.2345111,-0.36199042,-1.3728131,1.3728131,0.57514346,0.56930906,0.19116916,-1.1721545,-1.883124,-0.26793832,-0.2564602,-1.1820583,0.49250618,-0.07319742
0.0,-0.44314632,0.5313485,-0.2345111,-0.36199042,-1.3728131,1.3728131,0.57514346,0.56930906,-0.08056451,-0.21815991,0.30742046,-0.026682725,-0.7214462,0.90159816,0.99483573,-0.07319742
0.0,2.252226,-1.8783636,-0.2345111,-0.36199042,0.72702235,-0.72702235,1.4395306,1.382383,0.19116916,-1.1721545,-1.883124,-0.26793832,-0.2564602,-1.2433424,0.77157813,-0.07319742
0.0,-0.44314632,0.5313485,-0.2345111,-0.36199042,-1.3728131,1.3728131,1.4395306,1.382383,0.29986373,-0.39927834,-0.2416266,1.2453929,0.32907778,-0.75307024,1.2739077,-0.07319742
0.0,-0.44314632,0.5313485,-0.2345111,-0.36199042,-1.3728131,1.3728131,1.4395306,1.382383,0.13682325,0.49226156,0.21550955,0.3461672,-0.118686326,-0.07894609,0.49250618,-0.07319742
0.0,-0.44314632,0.5313485,-0.2345111,-0.36199042,0.72702235,-0.72702235,1.4395306,1.382383,0.08247597,-0.119793914,0.3662756,-0.7065851,0.77684224,-1.3659104,-0.7354104,-0.07319742
0.0,-0.44314632,0.5313485,-0.2345111,-0.36199042,-1.3728131,1.3728131,-0.28924373,-0.24376495,-0.1711424,-0.3258942,0.63072133,-0.9259085,-0.18757342,1.2080182,-1.5168118,-0.07319742
0.0,2.252226,-1.8783636,-0.2345111,-0.36199042,-1.3728131,1.3728131,-0.72143734,-0.24376495,-1.221845,-1.6062144,-2.0871017,-1.40842,-1.0658804,0.22747399,-1.2377399,-0.07319742
0.0,2.252226,-1.8783636,-0.2345111,-0.36199042,-1.3728131,1.3728131,-0.72143734,-0.24376495,-3.9210663,-1.6936508,-2.1463602,-1.8251344,-0.2564602,-1.2433424,0.77157813,-0.07319742
0.0,-0.44314632,0.5313485,-0.2345111,-0.36199042,-1.3728131,1.3728131,-0.72143734,-0.24376495,0.13682325,0.49226156,0.21550955,0.3461672,-1.255319,2.6175506,0.26924857,-0.07319742
0.0,-0.44314632,0.5313485,-0.2345111,-0.36199042,-1.3728131,1.3728131,-0.72143734,-0.24376495,0.13682325,0.49226156,0.21550955,0.3461672,0.15686072,-0.32408217,0.77157813,-0.07319742
0.0,-0.44314632,0.5313485,-0.2345111,-0.36199042,-1.3728131,1.3728131,-0.72143734,-0.24376495,0.13682325,0.49226156,0.21550955,0.3461672,0.15686072,-0.32408217,0.77157813,-0.07319742
0.0,-0.44314632,0.5313485,-0.2345111,-0.36199042,0.72702235,-0.72702235,-0.72143734,-0.24376495,-0.3341815,0.5687686,0.26831794,-0.0047503025,-0.7731114,1.3305863,0.77157813,-0.07319742
0.0,-0.44314632,0.5313485,-0.2345111,-0.36199042,0.72702235,-0.72702235,-1.1536309,-0.24376495,0.75275314,-0.04016415,0.39973438,1.7498368,0.20852605,-0.26279813,-0.009823366,-0.07319742
0.0,-0.44314632,0.5313485,-0.2345111,-0.36199042,-1.3728131,1.3728131,-1.1536309,-0.24376495,0.33609432,0.15969063,0.50978583,-0.09247957,0.8973943,-0.9369223,0.26924857,-0.07319742
0.0,2.252226,-1.8783636,4.255942,-0.36199042,-1.3728131,1.3728131,-1.1536309,-0.24376495,-1.547926,-1.6733532,-2.1713536,-1.3426229,-2.3402865,2.0659945,-0.5121529,-0.07319742
0.0,2.252226,-1.8783636,-0.2345111,-0.36199042,0.72702235,-0.72702235,-0.28924373,0.56930906,-0.8595335,-1.4266573,-1.9778568,-1.3645552,-1.0658804,0.47261006,1.2739077,-0.07319742
0.0,2.252226,-1.8783636,-0.2345111,-0.36199042,0.72702235,-0.72702235,-0.28924373,0.56930906,0.13682325,-1.2517843,-1.9093267,-0.33373538,-0.118686326,-0.9369223,-0.5121529,-0.07319742
0.0,-0.44314632,0.5313485,-0.2345111,-0.36199042,-1.3728131,1.3728131,-0.28924373,0.56930906,-0.08056451,-0.17600307,0.33563873,-0.5969234,0.4324081,-0.6917862,-0.5121529,-0.07319742
0.0,-0.44314632,0.5313485,-0.2345111,-0.36199042,-1.3728131,1.3728131,-0.28924373,0.56930906,0.33609432,-0.35712153,0.6073403,-0.42146474,0.24296926,0.04362194,-0.5121529,-0.07319742
0.0,-0.44314632,0.5313485,-0.2345111,-0.36199042,0.72702235,-0.72702235,-0.28924373,0.56930906,-0.37041348,-0.29778954,0.6528928,-0.42146474,-0.2564602,0.7177461,0.77157813,-0.07319742
0.0,2.252226,-1.8783636,-0.2345111,-0.36199042,0.72702235,-0.72702235,-0.28924373,-0.24376495,-0.8595335,-1.4266573,-1.9778568,-1.3645552,-0.8936633,-0.07894609,0.99483573,-0.07319742
0.0,2.252226,-1.8783636,-0.2345111,-0.36199042,0.72702235,-0.72702235,-0.72143734,-0.24376495,0.19116916,-1.2111887,-1.8964269,-0.0047503025,-0.015356346,-1.6110464,0.26924857,-0.07319742
0.0,-0.44314632,0.5313485,-0.2345111,-0.36199042,-1.3728131,1.3728131,-0.72143734,-0.24376495,-0.1711424,-0.3258942,0.63072133,-0.9259085,0.6735119,-0.32408217,-0.23308098,-0.07319742
0.0,-0.44314632,0.5313485,-0.2345111,-0.36199042,0.72702235,-0.72702235,-0.72143734,-0.24376495,0.20928584,-0.5054513,0.7109417,0.039114334,0.0018654265,-0.5692182,-0.7354104,-0.07319742
0.0,2.252226,-1.8783636,-0.2345111,-0.36199042,0.72702235,-0.72702235,-0.72143734,-0.24376495,-0.46099135,-1.3298527,-1.9363356,-1.1452318,-0.5320074,-1.0594903,1.9994946,-0.07319742
0.0,2.252226,-1.8783636,-0.2345111,-0.36199042,0.72702235,-0.72702235,-0.72143734,0.56930906,-0.46099135,-1.3298527,-1.9363356,-1.1452318,-0.5836725,-1.0594903,1.2739077,-0.07319742
0.0,2.252226,-1.8783636,-0.2345111,-0.36199042,-1.3728131,1.3728131,-0.72143734,-0.24376495,0.19116916,-1.1721545,-1.883124,-0.26793832,-1.255319,-0.8756383,1.2739077,-0.07319742
0.0,2.252226,-1.8783636,-0.2345111,-0.36199042,-1.3728131,1.3728131,-0.72143734,-0.24376495,0.19116916,-1.1721545,-1.883124,-0.26793832,-0.6353377,-1.0594903,0.49250618,-0.07319742
0.0,2.252226,-1.8783636,-0.2345111,-0.36199042,0.72702235,-0.72702235,-0.72143734,-0.24376495,-0.09867981,-1.1112614,-1.8597431,-0.61885583,-1.4275361,-0.8756383,-0.009823366,-0.07319742
0.0,-0.44314632,0.5313485,-0.2345111,-0.36199042,0.72702235,-0.72702235,-0.72143734,-0.24376495,0.42667222,-0.555415,-0.32789388,-0.28987074,0.12241751,-0.5079342,-0.5121529,-0.07319742
0.0,-0.44314632,0.5313485,-0.2345111,-0.36199042,0.72702235,-0.72702235,-0.72143734,-0.24376495,0.15493855,0.53910255,0.24292153,0.36809942,-1.4792013,1.8208584,-1.0144824,-0.07319742
0.0,-0.44314632,0.5313485,-0.2345111,-0.36199042,0.72702235,-0.72702235,-0.72143734,-0.24376495,0.15493855,0.53910255,0.24292153,0.36809942,-0.30812517,-0.07894609,0.77157813,-0.07319742
0.0,-0.44314632,0.5313485,-0.2345111,-0.36199042,-1.3728131,1.3728131,-0.72143734,-0.24376495,0.31797904,0.20653161,0.53518224,-0.114411995,0.6218469,-0.1402301,0.77157813,-0.07319742
0.0,-0.44314632,0.5313485,-0.2345111,-0.36199042,0.72702235,-0.72702235,-0.72143734,-0.24376495,-1.1312672,-0.5850809,0.49970788,-1.276826,-0.17035164,0.04362194,-0.5121529,-0.07319742
0.0,-0.44314632,0.5313485,-0.2345111,-0.36199042,0.72702235,-0.72702235,-0.72143734,-0.24376495,0.6621753,-0.40240115,0.58194387,1.5085809,0.15686072,0.35004202,0.77157813,-0.07319742
0.0,-0.44314632,0.5313485,4.255942,-0.36199042,-1.3728131,1.3728131,-0.72143734,-0.24376495,0.35420963,-1.0050884,0.5799283,-0.048614938,0.29463458,-1.2433424,0.77157813,-0.07319742
0.0,2.252226,-1.8783636,-0.2345111,-0.36199042,0.72702235,-0.72702235,-0.72143734,0.56930906,-0.5515692,-0.91609055,-1.7904068,-0.88204384,-1.7030835,0.288758,-1.0144824,-0.07319742
0.0,-0.44314632,0.5313485,-0.2345111,-0.36199042,0.72702235,-0.72702235,-0.72143734,0.56930906,0.5172501,0.599996,0.7282757,-0.20214127,-0.2909034,-0.07894609,-0.5121529,-0.07319742
0.0,-0.44314632,0.5313485,4.255942,-0.36199042,0.72702235,-0.72702235,-0.72143734,0.56930906,0.13682325,-1.1393659,0.50736696,-0.83817923,-0.51478577,0.104905955,-0.23308098,-0.07319742
0.0,-0.44314632,0.5313485,4.255942,-0.36199042,-1.3728131,1.3728131,-1.1536309,0.56930906,0.35420963,-1.0050884,0.5799283,-0.048614938,-0.60089433,-0.5692182,-1.7400694,-0.07319742
0.0,2.252226,-1.8783636,-0.2345111,-0.36199042,-1.3728131,1.3728131,-0.28924373,1.382383,-4.0659914,-1.39543,-1.8573244,-1.803202,-0.60089433,-0.26279813,-0.7354104,-0.07319742
0.0,2.252226,-1.8783636,-0.2345111,-0.36199042,0.72702235,-0.72702235,-0.28924373,1.382383,-0.62403184,-1.3579571,-1.948026,-1.0794349,-0.84199816,-0.32408217,-0.5121529,-0.07319742
0.0,2.252226,-1.8783636,-0.2345111,-0.36199042,-1.3728131,1.3728131,-0.28924373,1.382383,-0.2436036,-0.9301429,-1.7968566,0.12684381,-1.4275361,0.104905955,0.49250618,-0.07319742
0.0,-0.44314632,0.5313485,-0.2345111,-0.36199042,0.72702235,-0.72702235,-0.28924373,1.382383,0.5534807,-0.46797848,0.55332255,1.9472277,-0.22201663,-0.1402301,-0.5121529,-0.07319742
0.0,2.252226,-1.8783636,-0.2345111,-0.36199042,0.72702235,-0.72702235,-0.72143734,0.56930906,-0.46099135,-1.3298527,-1.9363356,-1.1452318,-0.68700284,-0.38536617,-0.7354104,-0.07319742
0.0,-0.44314632,0.5313485,-0.2345111,-0.36199042,-1.3728131,1.3728131,-0.72143734,0.56930906,0.5172501,0.44542056,0.18648498,2.4736037,-0.22201663,0.47261006,0.99483573,-0.07319742
0.0,-0.44314632,0.5313485,-0.2345111,-0.36199042,-1.3728131,1.3728131,-0.72143734,1.382383,0.31797904,0.20653161,0.53518224,-0.114411995,-0.2909034,0.84031415,-1.5168118,-0.07319742
0.0,-0.44314632,0.5313485,-0.2345111,-0.36199042,0.72702235,-0.72702235,-0.72143734,1.382383,0.046245363,0.24400443,0.55856305,-0.44339707,-0.5664508,1.3305863,-0.5121529,-0.07319742
0.36,-0.44314632,0.5313485,-0.2345111,2.7571604,0.72702235,-0.72702235,1.8717242,3.821605,-0.87764883,-0.97698385,-0.94547105,-1.1232996,-0.15312988,-0.1402301,-0.7354104,-0.07319742
0.43,-0.44314632,0.5313485,-0.2345111,-0.36199042,0.72702235,-0.72702235,-1.5858245,-0.24376495,0.06436066,0.29084542,0.5831531,-0.44339707,0.48407343,-0.38536617,-1.0144824,-0.07319742
0.47,-0.44314632,0.5313485,-0.2345111,-0.36199042,0.72702235,-0.72702235,-1.1536309,0.56930906,0.046245363,0.24400443,0.55856305,-0.44339707,0.51851666,-0.32408217,-1.2377399,-0.07319742
0.55,-0.44314632,0.5313485,-0.2345111,-0.36199042,0.72702235,-0.72702235,-1.5858245,-1.869913,0.87956166,-0.17131893,-0.13963775,0.9164079,0.7596205,-0.8143543,0.26924857,-0.07319742
0.61,-0.44314632,0.5313485,-0.2345111,-0.36199042,0.72702235,-0.72702235,1.4395306,1.382383,-0.09867981,-0.044848297,-0.07312324,0.7628815,0.3979649,0.41132602,2.7250814,-0.07319742
0.71,-0.44314632,0.5313485,-0.2345111,2.7571604,-1.3728131,1.3728131,-1.5858245,-1.869913,-0.11679511,-0.9301429,-1.0144043,-0.07054736,-0.3942337,0.53389406,0.77157813,-0.07319742
0.77,-0.44314632,0.5313485,-0.2345111,-0.36199042,0.72702235,-0.72702235,-1.1536309,0.56930906,0.87956166,-0.17131893,-0.13963775,0.9164079,0.845729,-0.75307024,0.77157813,-0.07319742
0.9,-0.44314632,0.5313485,-0.2345111,-0.36199042,0.72702235,-0.72702235,0.57514346,0.56930906,0.8252144,0.32519543,0.12440468,0.30230236,1.4657105,-1.3659104,-0.009823366,-0.07319742
0.95,2.252226,-1.8783636,-0.2345111,-0.36199042,0.72702235,-0.72702235,0.14294988,-0.24376495,-0.09867981,-1.1112614,-1.8597431,-0.61885583,-0.97977185,-0.26279813,0.77157813,-0.07319742
0.96,-0.44314632,0.5313485,-0.2345111,-0.36199042,0.72702235,-0.72702235,1.4395306,-1.056839,-1.1312672,-0.5850809,0.49970788,-1.276826,0.9146161,-0.9982063,-0.23308098,-0.07319742
1.07,-0.44314632,0.5313485,-0.2345111,-0.36199042,0.72702235,-0.72702235,-1.1536309,-1.869913,0.75275314,-0.04016415,0.39973438,1.7498368,-0.2564602,-0.07894609,1.4971651,-0.07319742
1.12,-0.44314632,0.5313485,-0.2345111,-0.36199042,0.72702235,-0.72702235,1.4395306,1.382383,0.5534807,-0.46797848,0.55332255,1.9472277,0.82850754,-1.1820583,0.26924857,-0.07319742
1.19,-0.44314632,-1.8783636,-0.2345111,2.7571604,0.72702235,-0.72702235,0.57514346,0.56930906,0.33609432,-0.85051316,-0.4621323,-0.42146474,0.74239904,-0.32408217,0.77157813,-0.07319742
1.36,-0.44314632,0.5313485,-0.2345111,2.7571604,-1.3728131,1.3728131,1.8717242,3.821605,-0.09867981,-0.66002655,-0.7769675,-0.39953244,1.0179461,-0.9369223,-1.0144824,-0.07319742
1.43,-0.44314632,0.5313485,-0.2345111,2.7571604,-1.3728131,1.3728131,-0.72143734,-0.24376495,-0.09867981,-0.9317042,-0.49921912,-0.61885583,0.98350286,-0.07894609,-1.2377399,-0.07319742
1.46,-0.44314632,0.5313485,-0.2345111,-0.36199042,0.72702235,-0.72702235,0.14294988,-0.24376495,0.6621753,-0.40240115,0.58194387,1.5085809,0.20852605,0.16618997,0.49250618,-0.07319742
1.46,-0.44314632,0.5313485,-0.2345111,-0.36199042,-1.3728131,1.3728131,-1.5858245,0.56930906,0.4991348,0.53910255,0.6992514,-0.20214127,1.8445882,-1.0594903,-0.7354104,-0.07319742
1.56,-0.44314632,0.5313485,-0.2345111,-0.36199042,-1.3728131,1.3728131,1.0073371,-0.24376495,0.75275314,-0.04016415,0.39973438,1.7498368,-0.42867723,0.16618997,-1.5168118,-0.07319742
1.61,-0.44314632,0.5313485,-0.2345111,-0.36199042,-1.3728131,1.3728131,-1.1536309,-0.24376495,0.4991348,0.53910255,0.6992514,-0.20214127,1.6723711,-1.0594903,-1.0144824,-0.07319742
1.63,-0.44314632,0.5313485,-0.2345111,-0.36199042,0.72702235,-0.72702235,-1.1536309,-1.869913,0.26363173,0.0051153703,0.42795265,0.12684381,-0.08424311,0.04362194,-0.23308098,-0.07319742
1.64,-0.44314632,0.5313485,-0.2345111,-0.36199042,0.72702235,-0.72702235,-1.1536309,-0.24376495,0.26363173,0.0051153703,0.42795265,0.12684381,0.2774128,-0.5692182,-0.009823366,-0.07319742
1.69,-0.44314632,0.5313485,-0.2345111,-0.36199042,0.72702235,-0.72702235,1.0073371,-0.24376495,0.31797904,0.10972697,0.48398617,0.6970845,0.0190872,-0.6305022,0.99483573,-0.07319742
1.75,2.252226,-1.8783636,-0.2345111,-0.36199042,0.72702235,-0.72702235,1.0073371,-0.24376495,-0.09867981,-1.1112614,-1.8597431,-0.61885583,-0.48034224,-0.9369223,-0.5121529,-0.07319742
1.9,-0.44314632,0.5313485,-0.2345111,-0.36199042,0.72702235,-0.72702235,0.57514346,-0.24376495,0.8252144,0.32519543,0.12440468,0.30230236,0.24296926,-0.20151412,-0.009823366,-0.07319742
1.94,2.252226,-1.8783636,-0.2345111,-0.36199042,-1.3728131,1.3728131,0.57514346,-1.056839,-0.008101922,-0.9488793,-1.8041128,-0.26793832,-0.6353377,-0.8143543,2.5018241,-0.07319742
1.95,-0.44314632,0.5313485,-0.2345111,-0.36199042,-1.3728131,1.3728131,1.4395306,1.382383,0.33609432,0.15969063,0.50978583,-0.09247957,-0.18757342,0.7177461,-1.2377399,-0.07319742
2.01,-0.44314632,0.5313485,-0.2345111,-0.36199042,-1.3728131,1.3728131,1.4395306,0.56930906,-0.1711424,-0.3258942,0.63072133,-0.9259085,-0.18757342,1.3918703,-1.0144824,-0.07319742
2.14,2.252226,-1.8783636,-0.2345111,-0.36199042,0.72702235,-0.72702235,0.57514346,0.56930906,-1.0406892,-1.4469551,-1.9871285,-1.3206906,-2.3402865,1.5757223,0.26924857,-0.07319742
2.29,-0.44314632,0.5313485,-0.2345111,-0.36199042,0.72702235,-0.72702235,0.57514346,0.56930906,0.26363173,0.0051153703,0.42795265,0.12684381,-0.3942337,0.16618997,-1.7400694,-0.07319742
2.51,-0.44314632,0.5313485,-0.2345111,-0.36199042,0.72702235,-0.72702235,0.57514346,0.56930906,0.97013956,0.2533726,0.09094592,1.6401751,0.77684224,-0.6917862,0.26924857,-0.07319742
2.53,2.252226,-1.8783636,-0.2345111,-0.36199042,0.72702235,-0.72702235,0.57514346,0.56930906,0.100591265,-0.97698385,-1.8145939,0.7628815,-0.73866785,-1.1207744,3.0041535,-0.07319742
2.55,-0.44314632,0.5313485,-0.2345111,-0.36199042,0.72702235,-0.72702235,1.4395306,1.382383,0.8252144,0.32519543,0.12440468,0.30230236,0.31185636,0.04362194,-1.0144824,-0.07319742
2.57,-0.44314632,0.5313485,-0.2345111,-0.36199042,0.72702235,-0.72702235,0.14294988,-0.24376495,0.4085569,0.35017738,0.61137146,0.039114334,0.51851666,-0.5692182,-1.2377399,-0.07319742
2.69,-0.44314632,0.5313485,-0.2345111,-0.36199042,0.72702235,-0.72702235,1.4395306,1.382383,-0.9138808,-0.3196487,0.24856505,-0.53112644,-0.2564602,0.35004202,-0.009823366,-0.07319742
2.74,-0.44314632,0.5313485,-0.2345111,-0.36199042,-1.3728131,1.3728131,1.0073371,-0.24376495,0.13682325,0.49226156,0.21550955,0.3461672,0.20852605,-0.32408217,0.77157813,-0.07319742
3.07,-0.44314632,0.5313485,-0.2345111,-0.36199042,0.72702235,-0.72702235,-0.28924373,-0.24376495,0.046245363,0.24400443,0.55856305,-0.44339707,-0.20479485,-0.32408217,-1.0144824,-0.07319742
3.5,-0.44314632,0.5313485,-0.2345111,-0.36199042,-1.3728131,1.3728131,-1.5858245,-0.24376495,-0.08056451,-0.21815991,0.30742046,-0.026682725,-0.8075548,0.53389406,-1.2377399,-0.07319742
4.53,-0.44314632,0.5313485,-0.2345111,-0.36199042,-1.3728131,1.3728131,-1.5858245,-0.24376495,-0.08056451,-0.21815991,0.30742046,-0.026682725,0.24296926,-0.32408217,0.49250618,-0.07319742
4.61,2.252226,-1.8783636,-0.2345111,2.7571604,0.72702235,-0.72702235,0.57514346,0.56930906,-1.6566192,-1.5890394,-1.9863222,-1.3864877,-2.254178,0.59517807,0.99483573,-0.07319742
4.69,-0.44314632,0.5313485,-0.2345111,-0.36199042,-1.3728131,1.3728131,-1.1536309,0.56930906,-0.08056451,-0.17600307,0.33563873,-0.5969234,0.053530745,-0.017662076,-0.7354104,-0.07319742
4.88,-0.44314632,0.5313485,-0.2345111,-0.36199042,0.72702235,-0.72702235,-1.1536309,0.56930906,-0.09867981,-0.43675116,0.7568973,-0.61885583,-0.10146488,0.04362194,-1.0144824,-0.07319742
5.23,-0.44314632,0.5313485,-0.2345111,-0.36199042,0.72702235,-0.72702235,1.4395306,1.382383,-0.3341815,0.5687686,0.26831794,-0.0047503025,-0.7731114,1.3305863,0.77157813,-0.07319742
5.33,-0.44314632,0.5313485,-0.2345111,-0.36199042,-1.3728131,1.3728131,-1.5858245,-1.056839,0.31797904,0.20653161,0.53518224,-0.114411995,0.86295074,-0.75307024,1.4971651,-0.07319742
5.44,-0.44314632,0.5313485,4.255942,-0.36199042,0.72702235,-0.72702235,1.4395306,1.382383,-1.0406892,-1.2189956,0.46866775,-1.3206906,0.03630897,-0.75307024,-0.009823366,-0.07319742
6.38,2.252226,-1.8783636,-0.2345111,-0.36199042,-1.3728131,1.3728131,0.14294988,-0.24376495,-0.696493,-1.4875506,-2.0141375,-1.1232996,-1.1175455,0.53389406,-1.0144824,-0.07319742
6.83,-0.44314632,0.5313485,4.255942,-0.36199042,0.72702235,-0.72702235,1.0073371,-0.24376495,0.19116916,-0.9738611,0.5972623,0.45582888,-0.35979047,0.04362194,0.26924857,-0.07319742
6.96,-0.44314632,0.5313485,-0.2345111,-0.36199042,0.72702235,-0.72702235,1.4395306,1.382383,0.5897127,0.38765007,0.15625112,1.3331224,0.32907778,-0.6305022,0.49250618,-0.07319742
7.04,-0.44314632,0.5313485,-0.2345111,-0.36199042,0.72702235,-0.72702235,-1.1536309,0.56930906,0.06436066,0.29084542,0.5831531,-0.44339707,-0.22201663,0.104905955,-0.5121529,-0.07319742
7.19,2.252226,-1.8783636,-0.2345111,-0.36199042,-1.3728131,1.3728131,1.4395306,1.382383,-0.2436036,-0.9301429,-1.7968566,0.12684381,-1.2725408,-0.32408217,0.99483573,-0.07319742
7.3,-0.44314632,0.5313485,-0.2345111,-0.36199042,0.72702235,-0.72702235,-1.5858245,0.56930906,0.046245363,0.24400443,0.55856305,-0.44339707,0.36352134,-0.1402301,-1.0144824,-0.07319742
7.4,2.252226,-1.8783636,-0.2345111,-0.36199042,-1.3728131,1.3728131,0.57514346,-0.24376495,0.028130062,-1.0769112,-1.8484558,-0.24600601,-0.96255004,-0.1402301,-1.7400694,-0.07319742
8.24,2.252226,-1.8783636,-0.2345111,-0.36199042,-1.3728131,1.3728131,1.0073371,-0.24376495,0.010013379,-1.0441226,-1.8363622,-0.77238214,-1.2725408,0.96288216,-0.009823366,-0.07319742
8.31,2.252226,-1.8783636,-0.2345111,-0.36199042,0.72702235,-0.72702235,0.57514346,0.56930906,0.100591265,-0.97698385,-1.8145939,0.7628815,-1.2380974,-0.6917862,-0.009823366,-0.07319742
8.68,-0.44314632,0.5313485,-0.2345111,-0.36199042,0.72702235,-0.72702235,-1.1536309,0.56930906,0.8252144,0.32519543,0.12440468,0.30230236,0.9146161,-0.9982063,-0.7354104,-0.07319742
8.71,-0.44314632,0.5313485,-0.2345111,-0.36199042,0.72702235,-0.72702235,-1.1536309,-1.869913,0.75275314,-0.04016415,0.39973438,1.7498368,0.98350286,-1.3659104,0.26924857,-0.07319742
9.41,-0.44314632,0.5313485,-0.2345111,-0.36199042,0.72702235,-0.72702235,-0.28924373,0.56930906,0.4085569,0.35017738,0.61137146,0.039114334,0.93183756,-1.1820583,-0.009823366,-0.07319742
10.01,-0.44314632,0.5313485,-0.2345111,-0.36199042,0.72702235,-0.72702235,-1.1536309,-1.869913,0.75275314,-0.04016415,0.39973438,1.7498368,0.98350286,-1.3659104,0.26924857,-0.07319742
10.02,-0.44314632,0.5313485,-0.2345111,-0.36199042,0.72702235,-0.72702235,-1.1536309,0.56930906,0.5897127,0.38765007,0.15625112,1.3331224,0.794064,-0.5079342,0.77157813,-0.07319742
10.93,2.252226,-1.8783636,-0.2345111,2.7571604,0.72702235,-0.72702235,0.57514346,0.56930906,-1.6566192,-1.5890394,-1.9863222,-1.3864877,-2.254178,0.59517807,0.99483573,-0.07319742
11.06,-0.44314632,0.5313485,-0.2345111,-0.36199042,0.72702235,-0.72702235,-0.28924373,0.56930906,0.4085569,0.40794787,0.6387837,0.039114334,0.44962987,-1.7948985,-1.7400694,-0.07319742
11.24,-0.44314632,0.5313485,-0.2345111,-0.36199042,0.72702235,-0.72702235,-0.72143734,-0.24376495,0.06436066,0.29084542,0.5831531,-0.44339707,-0.8592199,0.90159816,1.2739077,-0.07319742
11.32,-0.44314632,0.5313485,-0.2345111,-0.36199042,0.72702235,-0.72702235,-1.1536309,-0.24376495,-4.9174232,-0.62567645,0.47310194,-1.803202,0.6390687,-0.38536617,-0.23308098,-0.07319742
11.53,-0.44314632,0.5313485,-0.2345111,-0.36199042,0.72702235,-0.72702235,-1.5858245,0.56930906,0.06436066,0.29084542,0.5831531,-0.44339707,0.46685165,-0.6917862,-1.0144824,-0.07319742
12.1,2.252226,-1.8783636,-0.2345111,-0.36199042,-1.3728131,1.3728131,0.57514346,0.56930906,-0.09867981,-1.14405,-1.8714335,-0.39953244,-1.1175455,0.59517807,-0.23308098,-0.07319742
13.05,2.252226,-1.8783636,-0.2345111,-0.36199042,-1.3728131,1.3728131,1.0073371,-0.24376495,-1.221845,-1.5952849,-2.0794427,-1.5180817,-1.7375269,1.4531543,-1.0144824,-0.07319742
13.7,-0.44314632,0.5313485,4.255942,-0.36199042,0.72702235,-0.72702235,1.4395306,1.382383,0.13682325,-1.1393659,0.50736696,-0.83817923,0.22574781,-0.44665018,-0.7354104,-0.07319742
13.99,2.252226,-1.8783636,-0.2345111,-0.36199042,-1.3728131,1.3728131,0.14294988,1.382383,-0.008101922,-0.9488793,-1.8041128,-0.26793832,-0.6525593,1.2080182,-0.009823366,-0.07319742
14.57,-0.44314632,0.5313485,-0.2345111,-0.36199042,0.72702235,-0.72702235,-0.28924373,0.56930906,0.4085569,0.40794787,0.6387837,0.039114334,0.55296016,-0.6305022,-1.2377399,-0.07319742
15.45,-0.44314632,0.5313485,-0.2345111,-0.36199042,-1.3728131,1.3728131,-1.1536309,-1.869913,0.5172501,0.44542056,0.18648498,2.4736037,0.69073373,-0.8143543,1.776237,-0.07319742
17.2,-0.44314632,0.5313485,-0.2345111,-0.36199042,0.72702235,-0.72702235,1.0073371,0.56930906,0.06436066,0.29084542,0.5831531,-0.44339707,0.31185636,-0.44665018,-1.0144824,-0.07319742
19.23,-0.44314632,0.5313485,-0.2345111,-0.36199042,0.72702235,-0.72702235,0.57514346,0.56930906,0.31797904,0.10972697,0.48398617,0.6970845,0.12241751,-0.6917862,1.2739077,-0.07319742
23.41,-0.44314632,0.5313485,-0.2345111,-0.36199042,0.72702235,-0.72702235,1.4395306,-1.056839,0.5534807,-0.46797848,0.55332255,1.9472277,0.74239904,-1.1207744,0.49250618,-0.07319742
24.23,-0.44314632,0.5313485,4.255942,-0.36199042,-1.3728131,1.3728131,-0.28924373,-0.24376495,-0.008101922,-1.0488068,0.5601756,-0.50919414,-0.08424311,-1.1820583,-0.5121529,-0.07319742
26.0,-0.44314632,0.5313485,-0.2345111,-0.36199042,-1.3728131,1.3728131,1.0073371,-0.24376495,0.5172501,0.44542056,0.18648498,2.4736037,-2.37473,3.1691067,0.99483573,-0.07319742
26.13,-0.44314632,0.5313485,-0.2345111,-0.36199042,0.72702235,-0.72702235,1.0073371,-0.24376495,0.6621753,-0.40240115,0.58194387,1.5085809,0.20852605,0.16618997,0.49250618,-0.07319742
27.35,2.252226,-1.8783636,-0.2345111,-0.36199042,0.72702235,-0.72702235,1.0073371,-1.056839,-0.5515692,-0.91609055,-1.7904068,-0.88204384,-1.3586494,0.104905955,0.99483573,-0.07319742
28.66,2.252226,-1.8783636,-0.2345111,-0.36199042,-1.3728131,1.3728131,-0.28924373,-0.24376495,0.19116916,-1.1721545,-1.883124,-0.26793832,-0.32534695,-1.0594903,0.49250618,-0.07319742
28.66,2.252226,-1.8783636,-0.2345111,-0.36199042,-1.3728131,1.3728131,-0.28924373,-0.24376495,0.19116916,-1.1721545,-1.883124,-0.26793832,-0.32534695,-1.0594903,0.49250618,-0.07319742
29.48,-0.44314632,0.5313485,-0.2345111,-0.36199042,-1.3728131,1.3728131,-0.28924373,-0.24376495,0.31797904,0.20653161,0.53518224,-0.114411995,-0.34256873,0.96288216,-1.5168118,-0.07319742
30.32,-0.44314632,0.5313485,-0.2345111,-0.36199042,0.72702235,-0.72702235,-1.5858245,-1.056839,-0.37041348,-0.29778954,0.6528928,-0.42146474,-1.1175455,1.7595744,1.2739077,-0.07319742
31.72,-0.44314632,0.5313485,-0.2345111,-0.36199042,0.72702235,-0.72702235,-0.28924373,0.56930906,0.4085569,0.35017738,0.61137146,0.039114334,0.08797396,-1.5497625,-1.5168118,-0.07319742
31.86,2.252226,-1.8783636,-0.2345111,-0.36199042,0.72702235,-0.72702235,0.57514346,0.56930906,-0.09867981,-1.1112614,-1.8597431,-0.61885583,-0.6353377,-1.0594903,-0.5121529,-0.07319742
32.07,-0.44314632,0.5313485,-0.2345111,-0.36199042,-1.3728131,1.3728131,1.4395306,1.382383,-0.08056451,-0.17600307,0.33563873,-0.5969234,-0.46312046,0.90159816,-0.5121529,-0.07319742
35.88,-0.44314632,0.5313485,-0.2345111,-0.36199042,0.72702235,-0.72702235,-0.72143734,-0.24376495,0.4810195,0.4735252,0.66901755,1.0699342,-0.04979956,0.288758,-0.23308098,-0.07319742
36.85,2.252226,-1.8783636,-0.2345111,-0.36199042,0.72702235,-0.72702235,-0.28924373,-1.056839,-0.5515692,-0.91609055,-1.7904068,-0.88204384,-1.3586494,0.104905955,0.99483573,-0.07319742
37.02,-0.44314632,0.5313485,-0.2345111,2.7571604,0.72702235,-0.72702235,-1.1536309,-1.869913,-0.4247594,0.6156096,-0.9595802,-0.4872617,-0.9453285,2.1272786,-0.23308098,-0.07319742
37.71,-0.44314632,0.5313485,-0.2345111,-0.36199042,0.72702235,-0.72702235,1.0073371,-0.24376495,-0.09867981,-0.43675116,0.7568973,-0.61885583,-0.60089433,0.77903014,0.26924857,-0.07319742
48.55,-0.44314632,0.5313485,-0.2345111,-0.36199042,-1.3728131,1.3728131,-0.28924373,-0.24376495,0.5172501,0.599996,0.7282757,-0.20214127,0.69073373,-0.32408217,0.49250618,-0.07319742
49.37,-0.44314632,0.5313485,4.255942,-0.36199042,0.72702235,-0.72702235,1.0073371,0.56930906,0.19116916,-0.9738611,0.5972623,0.45582888,-0.48034224,-0.017662076,-0.009823366,-0.07319742
58.3,-0.44314632,0.5313485,-0.2345111,-0.36199042,-1.3728131,1.3728131,1.4395306,1.382383,0.28174704,-0.45392618,-0.27065116,0.63128746,0.20852605,-0.6305022,0.26924857,-0.07319742
64.1,-0.44314632,0.5313485,-0.2345111,-0.36199042,-1.3728131,1.3728131,-0.28924373,1.382383,0.5172501,0.599996,0.7282757,-0.20214127,1.6207058,-1.1207744,-0.5121529,-0.07319742
71.3,-0.44314632,0.5313485,-0.2345111,-0.36199042,-1.3728131,1.3728131,1.4395306,1.382383,0.28174704,-0.45392618,-0.27065116,0.63128746,-0.42867723,-0.07894609,-0.009823366,-0.07319742
88.49,-0.44314632,0.5313485,-0.2345111,-0.36199042,0.72702235,-0.72702235,-0.28924373,-0.24376495,0.4085569,0.35017738,0.61137146,0.039114334,1.2934934,-1.4271945,0.26924857,-0.07319742
95.18,-0.44314632,0.5313485,-0.2345111,-0.36199042,-1.3728131,1.3728131,-1.5858245,0.56930906,0.5172501,0.599996,0.7282757,-0.20214127,1.5345973,-1.0594903,-0.5121529,-0.07319742
103.39,-0.44314632,0.5313485,-0.2345111,-0.36199042,0.72702235,-0.72702235,0.57514346,-0.24376495,0.06436066,0.29084542,0.5831531,-0.44339707,-0.03257779,-0.07894609,-0.7354104,-0.07319742
105.66,-0.44314632,0.5313485,-0.2345111,-0.36199042,0.72702235,-0.72702235,1.8717242,-0.24376495,-1.1312672,-0.5850809,0.49970788,-1.276826,0.93183756,-0.5079342,-0.5121529,-0.07319742
154.88,-0.44314632,0.5313485,-0.2345111,-0.36199042,-1.3728131,1.3728131,-0.28924373,0.56930906,0.33609432,0.15969063,0.50978583,-0.09247957,-0.20479485,-1.1820583,-0.5121529,-0.07319742
196.48,-0.44314632,0.5313485,-0.2345111,-0.36199042,-1.3728131,1.3728131,1.4395306,1.382383,0.13682325,0.49226156,0.21550955,0.3461672,0.12241751,-0.20151412,0.99483573,-0.07319742
200.94,-0.44314632,0.5313485,-0.2345111,-0.36199042,-1.3728131,1.3728131,-1.1536309,-1.869913,0.33609432,0.15969063,0.50978583,-0.09247957,-0.118686326,0.104905955,-1.2377399,-0.07319742
212.88,-0.44314632,0.5313485,-0.2345111,-0.36199042,0.72702235,-0.72702235,-1.5858245,-1.869913,0.06436066,0.29084542,0.5831531,-0.44339707,-0.015356346,-0.26279813,-1.0144824,-0.07319742
1090.84,-0.44314632,0.5313485,-0.2345111,-0.36199042,-1.3728131,1.3728131,0.57514346,0.56930906,0.33609432,0.15969063,0.50978583,-0.09247957,1.0696114,-1.0594903,-0.009823366,-0.07319742
0.0,2.252226,-1.8783636,-0.2345111,2.7571604,-1.3728131,1.3728131,1.0073371,0.56930906,-1.5841566,-1.6842827,-2.176997,-1.2110289,-0.9453285,1.8821424,-1.2377399,-0.07319742
0.0,2.252226,-1.8783636,-0.2345111,2.7571604,0.72702235,-0.72702235,0.57514346,-1.056839,-0.47910666,-1.4625688,-2.033487,-1.1452318,-0.6353377,0.41132602,-0.7354104,-0.07319742
0.0,2.252226,-1.8783636,-0.2345111,2.7571604,0.72702235,-0.72702235,-0.28924373,-0.24376495,-1.3848855,-1.3673253,-1.8649837,-1.4742169,-0.37701192,-1.4884784,-0.5121529,-0.07319742
10.13,-0.44314632,0.5313485,-0.2345111,-0.36199042,-1.3728131,1.3728131,-1.1536309,-0.24376495,0.6440586,0.1784271,0.16915095,0.8506108,-0.60089433,1.3305863,-0.009823366,-0.07319742
0.0,-0.44314632,0.5313485,-0.2345111,-0.36199042,-1.3728131,1.3728131,1.0073371,-0.24376495,0.20928584,1.0028285,0.61580586,1.048002,0.51851666,1.7595744,1.9994946,3.3056476
2.87,-0.44314632,0.5313485,-0.2345111,-0.36199042,-1.3728131,1.3728131,-1.1536309,-0.24376495,0.20928584,1.0028285,0.61580586,1.048002,0.60462517,0.59517807,1.9994946,-0.07319742
0.76,-0.44314632,0.5313485,-0.2345111,-0.36199042,-1.3728131,1.3728131,-0.72143734,-0.24376495,0.20928584,1.0028285,0.61580586,1.048002,1.3623801,-0.38536617,1.2739077,-0.07319742
0.09,-0.44314632,0.5313485,-0.2345111,-0.36199042,-1.3728131,1.3728131,0.14294988,-0.24376495,0.20928584,1.0028285,0.61580586,1.048002,1.1729417,-0.32408217,0.77157813,-0.07319742
0.75,-0.44314632,0.5313485,-0.2345111,-0.36199042,0.72702235,-0.72702235,-1.1536309,-0.24376495,0.28174704,-0.30091235,-0.17874014,0.12684381,0.31185636,1.5757223,-1.0144824,-0.07319742
0.0,-0.44314632,0.5313485,-0.2345111,-0.36199042,0.72702235,-0.72702235,1.4395306,1.382383,0.4447875,0.72490525,0.4787457,0.9822049,1.6895928,-0.9982063,-0.7354104,-0.07319742
2.47,-0.44314632,0.5313485,-0.2345111,-0.36199042,0.72702235,-0.72702235,-0.72143734,-0.24376495,0.4447875,0.72490525,0.4787457,0.9822049,0.48407343,-0.26279813,-2.0191414,-0.07319742
0.68,-0.44314632,0.5313485,-0.2345111,-0.36199042,0.72702235,-0.72702235,1.4395306,0.56930906,0.4447875,0.72490525,0.4787457,0.9822049,1.3623801,-1.1820583,-0.5121529,-0.07319742
0.24,-0.44314632,0.5313485,-0.2345111,-0.36199042,0.72702235,-0.72702235,1.4395306,0.56930906,0.4447875,0.72490525,0.4787457,0.9822049,0.88017255,-0.5079342,-0.5121529,-0.07319742
0.21,-0.44314632,0.5313485,-0.2345111,-0.36199042,0.72702235,-0.72702235,0.57514346,0.56930906,0.4447875,0.72490525,0.4787457,0.9822049,0.55296016,-0.44665018,-0.23308098,-0.07319742
1.52,-0.44314632,0.5313485,-0.2345111,-0.36199042,0.72702235,-0.72702235,1.0073371,-0.24376495,0.22740114,-0.026111951,0.07079001,-0.2240737,0.4324081,-0.38536617,-0.7354104,-0.07319742
10.34,-0.44314632,0.5313485,-0.2345111,-0.36199042,0.72702235,-0.72702235,0.57514346,-1.056839,0.17305385,0.425123,0.29734248,-0.5969234,0.0018654265,-0.20151412,-0.5121529,-0.07319742
0.0,-0.44314632,0.5313485,-0.2345111,-0.36199042,0.72702235,-0.72702235,-1.1536309,0.56930906,-0.56968457,-0.5288718,0.5920218,-0.88204384,0.5874034,0.104905955,-0.009823366,-0.07319742
8.02,-0.44314632,0.5313485,-0.2345111,-0.36199042,-1.3728131,1.3728131,1.4395306,1.382383,0.6440586,0.098797336,0.13367635,0.43389645,0.86295074,-0.20151412,-1.0144824,-0.07319742
0.68,-0.44314632,0.5313485,-0.2345111,-0.36199042,-1.3728131,1.3728131,-0.28924373,-1.056839,0.6440586,0.098797336,0.13367635,0.43389645,0.4324081,-0.017662076,-0.7354104,-0.07319742
0.0,-0.44314632,0.5313485,-0.2345111,-0.36199042,-1.3728131,1.3728131,-0.72143734,-0.24376495,0.20928584,0.9372509,0.58194387,1.0260695,0.29463458,0.90159816,-1.7400694,-0.07319742
1.38,-0.44314632,0.5313485,-0.2345111,-0.36199042,-1.3728131,1.3728131,1.0073371,-0.24376495,0.20928584,0.9372509,0.58194387,1.0260695,0.82850754,-0.26279813,-1.2377399,-0.07319742
8.85,-0.44314632,0.5313485,-0.2345111,-0.36199042,0.72702235,-0.72702235,-1.1536309,-0.24376495,0.5353654,-0.20254625,-0.02394277,1.179596,1.6207058,-0.75307024,-0.009823366,-0.07319742
3.3,-0.44314632,0.5313485,-0.2345111,-0.36199042,0.72702235,-0.72702235,-0.72143734,-0.24376495,0.17305385,0.023851834,0.101023875,-0.026682725,-1.324206,2.4336987,1.9994946,-0.07319742
4.25,-0.44314632,0.5313485,-0.2345111,-0.36199042,0.72702235,-0.72702235,-1.1536309,-0.24376495,0.17305385,0.023851834,0.101023875,-0.026682725,0.4324081,-0.1402301,-0.5121529,-0.07319742
1.56,-0.44314632,0.5313485,-0.2345111,-0.36199042,0.72702235,-0.72702235,0.57514346,-1.056839,0.08247597,0.47196397,0.32717308,-0.42146474,0.07075219,-0.32408217,-0.23308098,-0.07319742
6.54,-0.44314632,0.5313485,-0.2345111,-0.36199042,0.72702235,-0.72702235,-0.28924373,-0.24376495,0.6621753,0.885726,0.55009764,0.8725432,0.50129485,0.53389406,-0.5121529,-0.07319742
0.79,-0.44314632,0.5313485,-0.2345111,-0.36199042,0.72702235,-0.72702235,-0.28924373,-0.24376495,0.5534807,-0.13540758,0.009515991,1.2234608,0.55296016,0.59517807,1.9994946,-0.07319742
0.17,-0.44314632,0.5313485,-0.2345111,-0.36199042,0.72702235,-0.72702235,0.57514346,0.56930906,0.6621753,0.32519543,0.23848708,2.9999802,0.08797396,0.6564621,-0.009823366,-0.07319742
0.0,-0.44314632,0.5313485,-0.2345111,-0.36199042,0.72702235,-0.72702235,-1.1536309,-1.869913,0.26363173,0.6515211,0.44448063,1.1576637,0.82850754,-1.2433424,-0.5121529,-0.07319742
0.0,-0.44314632,0.5313485,-0.2345111,-0.36199042,0.72702235,-0.72702235,-0.72143734,-0.24376495,0.26363173,0.6515211,0.44448063,1.1576637,0.36352134,-0.75307024,-0.5121529,-0.07319742
4.4,-0.44314632,0.5313485,-0.2345111,-0.36199042,0.72702235,-0.72702235,-0.28924373,-0.24376495,0.26363173,0.6515211,0.44448063,1.1576637,0.03630897,0.53389406,-0.7354104,-0.07319742
0.52,-0.44314632,0.5313485,-0.2345111,-0.36199042,0.72702235,-0.72702235,-1.1536309,-1.869913,0.26363173,0.6515211,0.44448063,1.1576637,0.50129485,0.7177461,-0.5121529,-0.07319742
9.27,-0.44314632,0.5313485,-0.2345111,-0.36199042,0.72702235,-0.72702235,1.4395306,1.382383,0.26363173,0.6515211,0.44448063,1.1576637,0.20852605,0.84031415,0.26924857,-0.07319742
3.09,-0.44314632,0.5313485,-0.2345111,-0.36199042,0.72702235,-0.72702235,-1.1536309,0.56930906,0.26363173,0.6515211,0.44448063,1.1576637,0.22574781,0.16618997,-0.009823366,-0.07319742
8.98,-0.44314632,-1.8783636,4.255942,-0.36199042,-1.3728131,1.3728131,-0.28924373,1.382383,-1.1312672,-1.3064321,-0.7838206,-0.4872617,-2.4263952,0.77903014,2.5018241,-0.07319742
11.19,-0.44314632,-1.8783636,4.255942,-0.36199042,0.72702235,-0.72702235,1.4395306,1.382383,-1.2037297,-1.2970638,-0.7793863,-0.8162468,-2.37473,1.0241662,2.222752,-0.07319742
5.38,-0.44314632,-1.8783636,4.255942,-0.36199042,0.72702235,-0.72702235,-0.28924373,1.382383,-1.0950366,-1.318923,-0.7898674,-1.540014,-2.37473,1.0241662,0.49250618,-0.07319742
17.85,-0.44314632,-1.8783636,4.255942,-0.36199042,0.72702235,-0.72702235,-0.28924373,-0.24376495,-0.9501114,-1.3345367,-0.799139,-1.40842,-2.4608386,-1.4271945,2.5018241,-0.07319742
10.73,-0.44314632,-1.8783636,4.255942,-0.36199042,0.72702235,-0.72702235,-0.72143734,-0.24376495,-0.9501114,-1.3345367,-0.799139,-1.40842,-2.4608386,-1.4271945,2.5018241,-0.07319742
22.03,-0.44314632,-1.8783636,4.255942,-0.36199042,0.72702235,-0.72702235,-0.28924373,-0.24376495,-0.9501114,-1.3345367,-0.799139,-1.40842,-2.4608386,-1.4271945,2.5018241,-0.07319742
9.77,-0.44314632,-1.8783636,4.255942,-0.36199042,0.72702235,-0.72702235,-0.28924373,-0.24376495,-0.9501114,-1.3345367,-0.799139,-1.40842,-2.4608386,-1.4271945,2.5018241,-0.07319742
9.27,-0.44314632,-1.8783636,4.255942,-0.36199042,0.72702235,-0.72702235,-0.28924373,1.382383,-1.0769212,-1.314239,-0.78744864,-1.0794349,-2.8741593,0.90159816,0.49250618,-0.07319742
24.77,-0.44314632,-1.8783636,4.255942,-0.36199042,0.72702235,-0.72702235,0.57514346,0.56930906,-0.9501114,-1.3345367,-0.799139,-1.40842,-2.37473,-1.2433424,2.5018241,-0.07319742
0.0,2.252226,-1.8783636,-0.2345111,-0.36199042,-1.3728131,1.3728131,0.57514346,-1.056839,-1.0406892,-1.301748,-0.7838206,-1.2329612,-2.5297256,0.41132602,-0.009823366,-0.07319742
1.1,2.252226,-1.8783636,-0.2345111,-0.36199042,0.72702235,-0.72702235,-0.72143734,-0.24376495,-0.67837775,-1.6280736,-2.1334603,-1.276826,-1.7375269,-0.5692182,-0.5121529,-0.07319742
24.24,2.252226,-1.8783636,-0.2345111,-0.36199042,0.72702235,-0.72702235,0.14294988,-0.24376495,-0.9863434,-1.6546167,-2.145151,-0.5969234,-1.9614091,0.104905955,2.222752,-0.07319742
0.0,-0.44314632,0.5313485,-0.2345111,2.7571604,-1.3728131,1.3728131,-1.1536309,0.56930906,0.5897127,0.91851455,-0.54880273,0.7190169,0.77684224,-0.26279813,1.2739077,-0.07319742
0.0,-0.44314632,0.5313485,-0.2345111,2.7571604,0.72702235,-0.72702235,1.0073371,1.382383,0.100591265,1.1277378,-0.444395,0.7628815,-1.083102,2.8014026,1.9994946,0.6025716
0.0,-0.44314632,0.5313485,-0.2345111,2.7571604,-1.3728131,1.3728131,1.0073371,-0.24376495,0.17305385,-0.104180254,-0.2944351,-0.0047503025,0.55296016,0.288758,-0.7354104,-0.07319742
0.0,-0.44314632,0.5313485,-0.2345111,2.7571604,-1.3728131,1.3728131,1.0073371,-0.24376495,0.17305385,-0.104180254,-0.2944351,-0.0047503025,0.9146161,-0.75307024,-1.2377399,-0.07319742
0.0,-0.44314632,0.5313485,-0.2345111,2.7571604,-1.3728131,1.3728131,1.0073371,-0.24376495,0.17305385,-0.104180254,-0.2944351,-0.0047503025,0.93183756,-0.8756383,-1.2377399,-0.07319742
0.0,-0.44314632,0.5313485,-0.2345111,2.7571604,-1.3728131,1.3728131,-1.1536309,0.56930906,0.17305385,-0.104180254,-0.2944351,-0.0047503025,-0.03257779,0.53389406,-1.2377399,-0.07319742
8.0,-0.44314632,0.5313485,-0.2345111,2.7571604,-1.3728131,1.3728131,1.8717242,-0.24376495,0.17305385,-0.104180254,-0.2944351,-0.0047503025,1.1040546,-0.32408217,-1.7400694,-0.07319742
2.64,-0.44314632,0.5313485,-0.2345111,2.7571604,0.72702235,-0.72702235,-0.28924373,0.56930906,0.17305385,-0.1666349,-0.32910332,-0.5969234,0.69073373,-0.26279813,-1.5168118,-0.07319742
86.45,-0.44314632,0.5313485,-0.2345111,2.7571604,0.72702235,-0.72702235,1.0073371,1.382383,0.4447875,1.0855807,-0.47221026,0.43389645,1.379602,-0.9982063,0.77157813,-0.07319742
6.57,-0.44314632,0.5313485,-0.2345111,2.7571604,0.72702235,-0.72702235,1.4395306,1.382383,0.29986373,-0.34463054,-0.4314953,-0.114411995,-0.30812517,1.3918703,-0.23308098,-0.07319742
0.0,-0.44314632,-1.8783636,-0.2345111,2.7571604,-1.3728131,1.3728131,1.0073371,0.56930906,0.4447875,1.0855807,-0.47221026,0.43389645,0.57018197,0.22747399,-1.5168118,-0.07319742
0.9,-0.44314632,-1.8783636,-0.2345111,2.7571604,-1.3728131,1.3728131,0.57514346,-0.24376495,-0.044332523,-0.333701,-1.0365758,-0.5749911,-0.790333,0.104905955,-1.2377399,-0.07319742
0.0,-0.44314632,-1.8783636,-0.2345111,2.7571604,-1.3728131,1.3728131,1.4395306,1.382383,-0.044332523,-0.333701,-1.0365758,-0.5749911,-0.60089433,0.04362194,-1.0144824,-0.07319742
0.0,-0.44314632,-1.8783636,-0.2345111,2.7571604,0.72702235,-0.72702235,1.4395306,1.382383,0.100591265,0.57657546,-0.68828154,0.8067462,0.12241751,-0.07894609,0.49250618,-0.07319742
0.0,-0.44314632,-1.8783636,-0.2345111,2.7571604,-1.3728131,1.3728131,0.57514346,0.56930906,-6.747096,-0.62255377,-1.2663531,-1.8909315,-1.4275361,2.8014026,-0.7354104,-0.07319742
0.0,-0.44314632,-1.8783636,-0.2345111,2.7571604,0.72702235,-0.72702235,0.57514346,0.56930906,-0.044332523,-0.27436906,-1.007148,-0.33373538,0.31185636,-1.1820583,0.49250618,-0.07319742
3.52,-0.44314632,-1.8783636,-0.2345111,2.7571604,0.72702235,-0.72702235,0.57514346,0.56930906,-0.044332523,-0.27436906,-1.007148,-0.33373538,0.03630897,-0.32408217,0.77157813,-0.07319742
0.0,-0.44314632,-1.8783636,-0.2345111,2.7571604,0.72702235,-0.72702235,-0.72143734,1.382383,0.08247597,-0.26187822,-1.2732061,-0.42146474,0.053530745,-0.38536617,0.26924857,-0.07319742
0.0,-0.44314632,-1.8783636,-0.2345111,2.7571604,0.72702235,-0.72702235,-0.72143734,1.382383,0.08247597,-0.26187822,-1.2732061,-0.42146474,0.053530745,-0.38536617,0.26924857,-0.07319742
0.0,-0.44314632,-1.8783636,-0.2345111,2.7571604,-1.3728131,1.3728131,0.57514346,0.56930906,-1.0044587,-1.2939411,-1.750095,-1.2110289,-1.3069842,3.0465386,0.49250618,-0.07319742
0.0,-0.44314632,0.5313485,-0.2345111,-0.36199042,-1.3728131,1.3728131,-1.5858245,-0.24376495,-0.1892577,-0.41801482,0.67062986,-0.72851753,0.0190872,0.47261006,-1.0144824,-0.07319742
0.41,-0.44314632,0.5313485,-0.2345111,-0.36199042,-1.3728131,1.3728131,1.0073371,-0.24376495,-0.1892577,-0.41801482,0.67062986,-0.72851753,-0.30812517,0.53389406,0.77157813,-0.07319742
5.18,-0.44314632,0.5313485,-0.2345111,-0.36199042,-1.3728131,1.3728131,-0.72143734,-0.24376495,-0.1892577,-0.41801482,0.67062986,-0.72851753,0.845729,-0.5692182,-0.23308098,-0.07319742
0.0,-0.44314632,0.5313485,-0.2345111,-0.36199042,-1.3728131,1.3728131,-1.1536309,-0.24376495,0.31797904,-0.0791983,0.84719557,0.19264066,-0.49756402,0.04362194,-1.2377399,-0.07319742
0.0,-0.44314632,0.5313485,-0.2345111,-0.36199042,-1.3728131,1.3728131,-1.1536309,-0.24376495,0.31797904,-0.0791983,0.84719557,0.19264066,1.0351678,-1.0594903,-1.0144824,-0.07319742
0.0,-0.44314632,0.5313485,-0.2345111,-0.36199042,-1.3728131,1.3728131,1.0073371,-0.24376495,0.31797904,-0.0791983,0.84719557,0.19264066,1.1040546,-1.0594903,-0.7354104,-0.07319742
14.29,-0.44314632,0.5313485,-0.2345111,-0.36199042,-1.3728131,1.3728131,0.57514346,-1.056839,0.31797904,-0.0791983,0.84719557,0.19264066,1.0179461,-0.9982063,-1.2377399,-0.07319742
0.0,-0.44314632,0.5313485,-0.2345111,-0.36199042,-1.3728131,1.3728131,-1.1536309,-0.24376495,-7.2905636,-1.0097725,0.6395897,-1.8909315,-1.1519889,2.0659945,1.2739077,-0.07319742
0.0,-0.44314632,0.5313485,-0.2345111,-0.36199042,0.72702235,-0.72702235,0.57514346,0.56930906,0.35420963,0.070692815,0.9237881,-0.048614938,0.93183756,-1.0594903,0.49250618,-0.07319742
1.58,-0.44314632,0.5313485,-0.2345111,-0.36199042,0.72702235,-0.72702235,-0.28924373,-0.24376495,0.35420963,0.070692815,0.9237881,-0.048614938,0.13963927,-0.20151412,-1.2377399,-0.07319742
0.0,-0.44314632,0.5313485,-0.2345111,-0.36199042,0.72702235,-0.72702235,-0.72143734,-0.24376495,0.100591265,0.3720364,1.0866479,-0.39953244,-0.06702133,-0.8756383,-0.7354104,-0.07319742
0.0,-0.44314632,0.5313485,-0.2345111,-0.36199042,0.72702235,-0.72702235,-0.28924373,0.56930906,0.31797904,-0.22908954,0.7718127,-0.09247957,-0.04979956,-1.2433424,0.99483573,-0.07319742
3.78,-0.44314632,0.5313485,-0.2345111,-0.36199042,0.72702235,-0.72702235,-0.28924373,-0.24376495,0.31797904,-0.22908954,0.7718127,-0.09247957,0.053530745,-1.2433424,0.49250618,-0.07319742
0.0,-0.44314632,0.5313485,-0.2345111,-0.36199042,0.72702235,-0.72702235,0.57514346,0.56930906,0.39044163,0.12690197,0.9495877,-0.33373538,0.46685165,-1.0594903,-1.0144824,-0.07319742
4.41,-0.44314632,0.5313485,-0.2345111,-0.36199042,0.72702235,-0.72702235,0.14294988,-0.24376495,0.39044163,0.12690197,0.9495877,-0.33373538,0.46685165,-0.9982063,1.2739077,-0.07319742
34.36,-0.44314632,0.5313485,-0.2345111,-0.36199042,0.72702235,-0.72702235,0.57514346,-1.056839,0.39044163,0.12690197,0.9495877,-0.33373538,0.0018654265,-0.6305022,1.776237,-0.07319742
7.21,-0.44314632,0.5313485,-0.2345111,-0.36199042,0.72702235,-0.72702235,-1.5858245,-0.24376495,0.39044163,0.12690197,0.9495877,-0.33373538,-0.35979047,-0.9982063,-0.009823366,-0.07319742
1.01,-0.44314632,0.5313485,-0.2345111,-0.36199042,0.72702235,-0.72702235,0.57514346,0.56930906,0.39044163,0.12690197,0.9495877,-0.33373538,-0.35979047,-0.9982063,-0.009823366,-0.07319742
2.18,-0.44314632,0.5313485,-0.2345111,-0.36199042,0.72702235,-0.72702235,-0.72143734,0.56930906,0.010013379,0.4063864,1.1080132,-0.4872617,-1.031437,-0.32408217,-0.7354104,-0.07319742
4.42,-0.44314632,0.5313485,-0.2345111,-0.36199042,0.72702235,-0.72702235,0.57514346,0.56930906,-0.46099135,-0.8989156,0.7214229,-0.79431444,-0.8936633,0.7177461,-1.2377399,-0.07319742
0.0,-0.44314632,0.5313485,-0.2345111,-0.36199042,-1.3728131,1.3728131,-1.5858245,-0.24376495,0.28174704,-0.13384612,0.8205899,-0.13634442,0.9146161,-1.0594903,-0.5121529,-0.07319742
0.0,-0.44314632,0.5313485,-0.2345111,-0.36199042,-1.3728131,1.3728131,0.14294988,-0.24376495,0.28174704,-0.13384612,0.8205899,-0.13634442,0.8973943,-1.0594903,-0.5121529,-0.07319742
0.0,-0.44314632,0.5313485,-0.2345111,-0.36199042,-1.3728131,1.3728131,0.57514346,0.56930906,0.28174704,-0.13384612,0.8205899,-0.13634442,0.3979649,-0.75307024,-1.0144824,-0.07319742
0.0,-0.44314632,0.5313485,-0.2345111,-0.36199042,-1.3728131,1.3728131,0.57514346,0.56930906,0.28174704,-0.13384612,0.8205899,-0.13634442,0.13963927,-0.5692182,-1.2377399,-0.07319742
3.33,-0.44314632,0.5313485,-0.2345111,-0.36199042,-1.3728131,1.3728131,-0.28924373,-1.056839,0.28174704,-0.13384612,0.8205899,-0.13634442,0.794064,-1.0594903,-0.009823366,-0.07319742
6.58,-0.44314632,0.5313485,-0.2345111,-0.36199042,-1.3728131,1.3728131,-0.72143734,-1.056839,0.28174704,-0.13384612,0.8205899,-0.13634442,0.9146161,-1.0594903,-0.5121529,-0.07319742
15.64,-0.44314632,0.5313485,-0.2345111,-0.36199042,-1.3728131,1.3728131,1.0073371,-0.24376495,0.100591265,0.21121576,0.9971556,-0.114411995,0.44962987,-0.9982063,0.26924857,-0.07319742
11.22,-0.44314632,0.5313485,-0.2345111,-0.36199042,-1.3728131,1.3728131,-0.28924373,-0.24376495,0.100591265,0.21121576,0.9971556,-0.114411995,-0.30812517,-0.20151412,-1.0144824,-0.07319742
2.13,-0.44314632,0.5313485,-0.2345111,-0.36199042,0.72702235,-0.72702235,-1.5858245,-0.24376495,0.26363173,-0.36180568,0.69804186,0.10491139,-0.1359081,0.59517807,-0.5121529,-0.07319742
0.0,-0.44314632,0.5313485,-0.2345111,-0.36199042,0.72702235,-0.72702235,-1.1536309,-1.056839,0.17305385,-0.03860281,0.87097967,-0.61885583,-0.15312988,0.41132602,0.77157813,-0.07319742
0.0,-0.44314632,0.5313485,-0.2345111,-0.36199042,0.72702235,-0.72702235,-0.28924373,-1.056839,0.17305385,-0.03860281,0.87097967,-0.61885583,-1.5653098,2.5562665,-1.2377399,-0.07319742
0.0,-0.44314632,0.5313485,-0.2345111,-0.36199042,0.72702235,-0.72702235,1.0073371,-0.24376495,0.17305385,-0.03860281,0.87097967,-0.61885583,0.07075219,-0.017662076,-1.0144824,-0.07319742
56.04,-0.44314632,0.5313485,-0.2345111,-0.36199042,0.72702235,-0.72702235,0.57514346,-1.056839,0.17305385,-0.03860281,0.87097967,-0.61885583,0.7079555,-0.6305022,-1.0144824,-0.07319742
7.48,-0.44314632,0.5313485,-0.2345111,-0.36199042,0.72702235,-0.72702235,1.4395306,1.382383,0.17305385,-0.03860281,0.87097967,-0.61885583,0.6562905,-0.5692182,-1.0144824,-0.07319742
1.47,-0.44314632,0.5313485,-0.2345111,-0.36199042,0.72702235,-0.72702235,-1.1536309,-0.24376495,0.17305385,-0.03860281,0.87097967,-0.61885583,0.26019102,-0.20151412,-1.2377399,-0.07319742
3.93,-0.44314632,0.5313485,-0.2345111,-0.36199042,0.72702235,-0.72702235,-1.1536309,0.56930906,0.17305385,-0.03860281,0.87097967,-0.61885583,0.07075219,-0.017662076,-1.0144824,-0.07319742
0.0,-0.44314632,0.5313485,-0.2345111,-0.36199042,0.72702235,-0.72702235,1.4395306,1.382383,0.22740114,0.012922201,0.8963761,-0.55305874,-0.54922915,0.41132602,-1.0144824,-0.07319742
0.0,-0.44314632,0.5313485,-0.2345111,-0.36199042,0.72702235,-0.72702235,0.57514346,-1.056839,0.15493855,0.3002137,1.0447235,-0.33373538,0.29463458,-0.44665018,-1.2377399,-0.07319742
2.18,-0.44314632,0.5313485,-0.2345111,-0.36199042,0.72702235,-0.72702235,1.4395306,1.382383,0.15493855,0.3002137,1.0447235,-0.33373538,-0.51478577,0.41132602,0.26924857,-0.07319742
6.1,-0.44314632,0.5313485,-0.2345111,-0.36199042,0.72702235,-0.72702235,0.57514346,-1.056839,0.15493855,0.3002137,1.0447235,-0.33373538,-1.1519889,1.3305863,0.49250618,-0.07319742
5.83,-0.44314632,0.5313485,-0.2345111,-0.36199042,0.72702235,-0.72702235,-1.1536309,-1.869913,0.15493855,0.3002137,1.0447235,-0.33373538,-0.35979047,-0.07894609,-0.5121529,-0.07319742
28.19,-0.44314632,0.5313485,-0.2345111,-0.36199042,0.72702235,-0.72702235,-1.5858245,-0.24376495,0.15493855,0.3002137,1.0447235,-0.33373538,0.41518632,-0.5692182,-1.0144824,-0.07319742
0.0,-0.44314632,0.5313485,-0.2345111,-0.36199042,0.72702235,-0.72702235,0.14294988,-0.24376495,0.26363173,-0.18537125,0.7955965,0.12684381,-1.5136447,1.8821424,-0.23308098,-0.07319742
0.0,-0.44314632,0.5313485,-0.2345111,-0.36199042,0.72702235,-0.72702235,-0.72143734,-0.24376495,0.26363173,-0.18537125,0.7955965,0.12684381,-0.2564602,0.77903014,0.26924857,-0.07319742
1.64,-0.44314632,0.5313485,-0.2345111,-0.36199042,0.72702235,-0.72702235,0.14294988,-0.24376495,0.26363173,-0.18537125,0.7955965,0.12684381,-1.0486586,1.2080182,-0.23308098,-0.07319742
3.71,-0.44314632,0.5313485,-0.2345111,-0.36199042,0.72702235,-0.72702235,0.14294988,-0.24376495,0.26363173,-0.18537125,0.7955965,0.12684381,-1.5136447,1.8821424,-0.23308098,-0.07319742
7.31,-0.44314632,0.5313485,-0.2345111,-0.36199042,0.72702235,-0.72702235,-0.28924373,-0.24376495,0.26363173,-0.18537125,0.7955965,0.12684381,-0.60089433,0.53389406,1.2739077,-0.07319742
2.03,-0.44314632,0.5313485,-0.2345111,-0.36199042,0.72702235,-0.72702235,1.0073371,-0.24376495,0.26363173,-0.18537125,0.7955965,0.12684381,0.29463458,-0.07894609,-0.23308098,-0.07319742
1.72,-0.44314632,0.5313485,-0.2345111,-0.36199042,0.72702235,-0.72702235,1.0073371,-0.24376495,0.26363173,-0.18537125,0.7955965,0.12684381,0.15686072,0.16618997,-0.7354104,-0.07319742
5.97,-0.44314632,0.5313485,-0.2345111,-0.36199042,0.72702235,-0.72702235,1.0073371,-0.24376495,0.26363173,-0.18537125,0.7955965,0.12684381,-0.03257779,0.35004202,-1.0144824,-0.07319742
13.06,-0.44314632,0.5313485,-0.2345111,-0.36199042,0.72702235,-0.72702235,-0.28924373,-0.24376495,0.26363173,-0.18537125,0.7955965,0.12684381,0.32907778,-0.5692182,0.49250618,-0.07319742
1.26,-0.44314632,0.5313485,-0.2345111,-0.36199042,0.72702235,-0.72702235,-0.28924373,-0.24376495,0.26363173,-0.18537125,0.7955965,0.12684381,0.32907778,-0.5692182,0.49250618,-0.07319742
0.0,-0.44314632,0.5313485,-0.2345111,-0.36199042,0.72702235,-0.72702235,0.57514346,-1.056839,0.33609432,0.17374295,0.97458106,0.25843772,-0.51478577,0.6564621,-0.23308098,-0.07319742
0.0,-0.44314632,0.5313485,-0.2345111,-0.36199042,0.72702235,-0.72702235,0.57514346,-1.056839,0.33609432,0.17374295,0.97458106,0.25843772,0.13963927,-0.32408217,-0.7354104,-0.07319742
8.12,-0.44314632,0.5313485,-0.2345111,-0.36199042,0.72702235,-0.72702235,-1.5858245,-0.24376495,0.33609432,0.17374295,0.97458106,0.25843772,0.38074312,-0.32408217,-1.0144824,-0.07319742
1.09,-0.44314632,0.5313485,-0.2345111,-0.36199042,0.72702235,-0.72702235,0.57514346,0.56930906,0.33609432,0.17374295,0.97458106,0.25843772,-0.08424311,-0.1402301,-1.0144824,-0.07319742
3.94,-0.44314632,0.5313485,-0.2345111,-0.36199042,0.72702235,-0.72702235,-0.28924373,-1.056839,0.33609432,0.17374295,0.97458106,0.25843772,-0.27368194,0.04362194,-0.009823366,-0.07319742
0.52,-0.44314632,0.5313485,-0.2345111,-0.36199042,0.72702235,-0.72702235,1.0073371,-0.24376495,-0.44287607,-0.8692496,0.7431911,0.5654906,-0.6353377,1.2080182,-0.5121529,-0.07319742
2.93,-0.44314632,0.5313485,-0.2345111,-0.36199042,0.72702235,-0.72702235,-0.28924373,-1.056839,0.22740114,0.012922201,0.8963761,-0.55305874,-0.51478577,0.53389406,-1.0144824,-0.07319742
5.65,-0.44314632,0.5313485,-0.2345111,-0.36199042,0.72702235,-0.72702235,0.57514346,0.56930906,0.22740114,0.012922201,0.8963761,-0.55305874,0.38074312,-0.5692182,-0.7354104,-0.07319742
20.03,-0.44314632,0.5313485,-0.2345111,-0.36199042,0.72702235,-0.72702235,0.57514346,0.56930906,0.22740114,0.012922201,0.8963761,-0.55305874,0.12241751,0.04362194,-0.5121529,-0.07319742
1.75,-0.44314632,0.5313485,-0.2345111,-0.36199042,0.72702235,-0.72702235,-0.28924373,0.56930906,0.08247597,0.3345637,1.0648794,0.7628815,-0.51478577,-0.38536617,0.77157813,-0.07319742
0.0,-0.44314632,0.5313485,-0.2345111,-0.36199042,0.72702235,-0.72702235,-0.28924373,0.56930906,0.08247597,0.3345637,1.0648794,0.7628815,-0.42867723,-1.0594903,-0.23308098,-0.07319742
12.64,-0.44314632,0.5313485,-0.2345111,-0.36199042,-1.3728131,1.3728131,0.57514346,0.56930906,0.100591265,-0.25875542,0.7919686,-0.13634442,-0.35979047,0.16618997,0.49250618,-0.07319742
0.0,-0.44314632,0.5313485,-0.2345111,-0.36199042,-1.3728131,1.3728131,-0.28924373,0.56930906,0.06436066,2.5829306,1.1172848,-0.42146474,-0.87644154,2.0047104,1.9994946,-0.07319742
11.06,-0.44314632,0.5313485,-0.2345111,-0.36199042,-1.3728131,1.3728131,1.0073371,-0.24376495,0.06436066,2.5829306,1.1172848,-0.42146474,-0.87644154,2.0047104,1.9994946,-0.07319742
0.0,-0.44314632,0.5313485,-0.2345111,2.7571604,0.72702235,-0.72702235,-0.72143734,-0.24376495,0.22740114,0.35486153,-0.11061319,-0.2240737,-0.8075548,0.84031415,-0.009823366,-0.07319742
0.0,-0.44314632,0.5313485,-0.2345111,-0.36199042,-1.3728131,1.3728131,-0.28924373,0.56930906,0.24551643,1.4415722,0.46987703,-0.20214127,-1.4619796,1.8821424,-1.7400694,-0.07319742
0.0,-0.44314632,0.5313485,-0.2345111,-0.36199042,0.72702235,-0.72702235,0.14294988,-0.24376495,0.75275314,1.7413545,0.6073403,1.0699342,0.24296926,-0.1402301,-0.7354104,-0.07319742
18.3,-0.44314632,0.5313485,-0.2345111,-0.36199042,0.72702235,-0.72702235,0.57514346,0.56930906,-0.062447824,2.796838,1.2390265,-0.3556677,-1.4792013,2.0659945,-0.009823366,-0.07319742
39.35,-0.44314632,0.5313485,-0.2345111,-0.36199042,-1.3728131,1.3728131,0.57514346,0.56930906,0.100591265,-0.25875542,0.7919686,-0.13634442,-0.60089433,0.77903014,0.49250618,-0.07319742
0.0,-0.44314632,0.5313485,-0.2345111,-0.36199042,0.72702235,-0.72702235,1.4395306,1.382383,0.26363173,1.5009041,0.5025295,-0.18020906,0.38074312,0.59517807,-1.0144824,-0.07319742
174.63,-0.44314632,0.5313485,-0.2345111,-0.36199042,-1.3728131,1.3728131,-1.1536309,-1.869913,0.5534807,1.8771935,0.67385477,-0.13634442,0.51851666,-0.1402301,-1.0144824,-0.07319742
0.0,2.252226,-1.8783636,-0.2345111,-0.36199042,0.72702235,-0.72702235,0.57514346,0.56930906,0.046245363,-1.4360255,-2.0854895,-0.2240737,-1.7547486,0.41132602,0.99483573,-0.07319742
0.0,2.252226,-1.8783636,4.255942,-0.36199042,-1.3728131,1.3728131,-0.28924373,0.56930906,-13.033201,-1.7139487,-1.5178989,-1.9786608,-2.3575084,3.4142427,-1.7400694,-0.07319742
7.73,-0.44314632,0.5313485,-0.2345111,2.7571604,0.72702235,-0.72702235,0.14294988,-0.24376495,0.5534807,-0.14945978,-0.35933718,0.63128746,0.07075219,-0.32408217,1.776237,-0.07319742
16.33,-0.44314632,0.5313485,-0.2345111,-0.36199042,0.72702235,-0.72702235,1.4395306,1.382383,0.010013379,1.2994881,0.38320664,-0.4872617,-0.46312046,1.1467342,-0.7354104,-0.07319742
5.86,-0.44314632,0.5313485,-0.2345111,-0.36199042,0.72702235,-0.72702235,1.4395306,1.382383,0.8252144,1.6679703,0.5726722,1.9691602,1.6034844,-0.9369223,-1.2377399,-0.07319742
42.87,-0.44314632,0.5313485,-0.2345111,-0.36199042,0.72702235,-0.72702235,1.8717242,1.382383,0.17305385,2.1473095,0.8298616,-0.5969234,0.2774128,0.84031415,-0.7354104,-0.07319742
12.18,-0.44314632,0.5313485,-0.2345111,-0.36199042,-1.3728131,1.3728131,1.4395306,-0.24376495,0.17305385,2.5438964,1.0930977,-0.28987074,0.41518632,-0.017662076,0.26924857,-0.07319742
16.0,-0.44314632,0.5313485,-0.2345111,-0.36199042,-1.3728131,1.3728131,-1.1536309,-0.24376495,0.17305385,1.0996331,0.26227117,-0.31180307,0.34629956,0.35004202,-1.0144824,-0.07319742
24.59,-0.44314632,0.5313485,-0.2345111,-0.36199042,-1.3728131,1.3728131,-0.72143734,-0.24376495,-0.026217224,-0.22128272,0.8165587,0.52162576,0.29463458,0.6564621,0.77157813,-0.07319742
0.0,2.252226,-1.8783636,-0.2345111,-0.36199042,0.72702235,-0.72702235,0.14294988,0.56930906,0.046245363,-1.4360255,-2.0854895,-0.2240737,-1.255319,0.22747399,0.77157813,-0.07319742
28.74,-0.44314632,0.5313485,-0.2345111,-0.36199042,0.72702235,-0.72702235,0.57514346,-0.24376495,0.75275314,1.8131773,0.63999295,0.6532199,0.7596205,-0.6305022,-0.5121529,-0.07319742
0.0,-0.44314632,0.5313485,-0.2345111,-0.36199042,0.72702235,-0.72702235,1.0073371,-0.24376495,0.75275314,1.8131773,0.63999295,0.6532199,0.7596205,-0.6305022,-0.5121529,-0.07319742
9.96,2.252226,-1.8783636,-0.2345111,-0.36199042,0.72702235,-0.72702235,1.0073371,-0.24376495,-1.0769212,-1.582794,-1.9738256,-1.0794349,-1.9614091,1.6370063,1.2739077,-0.07319742
30.18,-0.44314632,0.5313485,-0.2345111,-0.36199042,0.72702235,-0.72702235,1.4395306,1.382383,0.08247597,-0.30559638,0.76657194,-0.39953244,0.31185636,0.104905955,-0.7354104,-0.07319742
70.76,-0.44314632,0.5313485,-0.2345111,-0.36199042,-1.3728131,1.3728131,-1.5858245,-1.056839,0.06436066,2.5829306,1.1172848,-0.42146474,0.51851666,-0.07894609,-0.009823366,-0.07319742
0.0,2.252226,-1.8783636,-0.2345111,-0.36199042,0.72702235,-0.72702235,-1.1536309,-0.24376495,0.4991348,-1.4969188,-2.1056454,0.52162576,-0.6353377,-1.5497625,1.9994946,-0.07319742
0.0,2.252226,-1.8783636,-0.2345111,-0.36199042,0.72702235,-0.72702235,0.57514346,0.56930906,-1.1856145,-1.6593009,-2.0205872,-1.4961493,-2.3402865,1.4531543,-1.2377399,-0.07319742
51.78,2.252226,-1.8783636,-0.2345111,-0.36199042,-1.3728131,1.3728131,-0.28924373,0.56930906,-1.022574,-1.5906007,-1.9794693,-1.2110289,-1.5136447,1.0854502,-1.2377399,-0.07319742
3.64,-0.44314632,0.5313485,-0.2345111,-0.36199042,-1.3728131,1.3728131,-0.28924373,-1.056839,-0.026217224,-0.22128272,0.8165587,0.52162576,0.26019102,0.6564621,0.49250618,-0.07319742
3.63,-0.44314632,0.5313485,-0.2345111,-0.36199042,-1.3728131,1.3728131,0.14294988,1.382383,0.17305385,1.0996331,0.26227117,-0.31180307,0.93183756,-0.6917862,-0.23308098,-0.07319742
0.0,-0.44314632,0.5313485,-0.2345111,-0.36199042,-1.3728131,1.3728131,-1.5858245,-1.869913,0.5534807,1.8771935,0.67385477,-0.13634442,1.207385,-0.75307024,-0.5121529,-0.07319742
0.0,-0.44314632,-1.8783636,-0.2345111,2.7571604,0.72702235,-0.72702235,1.8717242,0.56930906,0.4810195,-0.9582475,-1.0087606,1.0918666,1.5690408,-0.6305022,0.26924857,-0.07319742
8.16,-0.44314632,-1.8783636,-0.2345111,2.7571604,0.72702235,-0.72702235,1.8717242,0.56930906,0.4810195,-0.9582475,-1.0087606,1.0918666,1.5690408,-0.6305022,0.26924857,-0.07319742
4.95,-0.44314632,0.5313485,-0.2345111,-0.36199042,0.72702235,-0.72702235,-0.72143734,-0.24376495,0.08247597,-0.35399884,0.74077255,-0.15827663,0.6735119,0.104905955,-0.009823366,-0.07319742
0.0,-0.44314632,0.5313485,-0.2345111,-0.36199042,0.72702235,-0.72702235,1.8717242,3.821605,0.75275314,1.8131773,0.63999295,0.6532199,1.0523896,-0.5079342,-0.009823366,-0.07319742
0.0,-0.44314632,0.5313485,-0.2345111,-0.36199042,0.72702235,-0.72702235,1.4395306,1.382383,0.010013379,1.2994881,0.38320664,-0.4872617,0.41518632,-0.20151412,-0.23308098,-0.07319742
6.04,-0.44314632,0.5313485,-0.2345111,-0.36199042,0.72702235,-0.72702235,-1.1536309,-0.24376495,-0.49722195,-0.40708518,0.7141666,-1.1671643,0.50129485,-0.6305022,-1.0144824,-0.07319742
0.0,-0.44314632,0.5313485,-0.2345111,-0.36199042,0.72702235,-0.72702235,-1.1536309,-1.869913,0.7165212,1.5805339,0.5359885,0.10491139,1.5518191,-1.0594903,-1.0144824,-0.07319742
3.95,-0.44314632,0.5313485,-0.2345111,-0.36199042,-1.3728131,1.3728131,0.57514346,0.56930906,-0.6421471,2.8171356,1.2603917,-1.1013672,-0.32534695,1.3918703,0.49250618,-0.07319742
0.0,2.252226,-1.8783636,-0.2345111,-0.36199042,-1.3728131,1.3728131,-0.28924373,0.56930906,-1.0769212,-1.6030917,-1.9871285,-1.3426229,-0.8075548,0.104905955,-0.009823366,-0.07319742
7.8,-0.44314632,0.5313485,-0.2345111,-0.36199042,0.72702235,-0.72702235,-0.28924373,-1.056839,-0.062447824,2.796838,1.2390265,-0.3556677,0.1740825,-0.017662076,-0.5121529,-0.07319742
0.0,-0.44314632,0.5313485,-0.2345111,2.7571604,0.72702235,-0.72702235,-1.5858245,-0.24376495,0.29986373,-0.22908954,-0.39400524,0.6751523,0.77684224,-0.8143543,0.77157813,-0.07319742
0.0,2.252226,-1.8783636,-0.2345111,-0.36199042,0.72702235,-0.72702235,0.57514346,-1.056839,-1.1856145,-1.6171439,-1.9959971,-1.3864877,-0.7214462,-0.1402301,-0.7354104,-0.07319742
4.62,2.252226,-1.8783636,-0.2345111,-0.36199042,0.72702235,-0.72702235,1.0073371,-0.24376495,-1.0950366,-1.68116,-2.033084,-1.2548935,-1.8408571,0.53389406,3.0041535,-0.07319742
1.63,-0.44314632,0.5313485,-0.2345111,2.7571604,0.72702235,-0.72702235,1.8717242,-0.24376495,0.29986373,-0.29310554,-0.42665783,0.17070845,0.6735119,-1.0594903,0.26924857,-0.07319742
0.0,-0.44314632,0.5313485,-0.2345111,-0.36199042,-1.3728131,1.3728131,1.0073371,0.56930906,0.5534807,1.8771935,0.67385477,-0.13634442,1.2934934,-0.6917862,-0.23308098,-0.07319742
0.0,-0.44314632,0.5313485,-0.2345111,-0.36199042,-1.3728131,1.3728131,0.14294988,-0.24376495,0.5353654,1.9396482,0.7061042,0.23650551,0.8973943,0.35004202,-0.009823366,-0.07319742
746.28,-0.44314632,0.5313485,-0.2345111,-0.36199042,0.72702235,-0.72702235,1.4395306,1.382383,0.75275314,1.7413545,0.6073403,1.0699342,1.4829323,-1.0594903,0.49250618,-0.07319742
7.02,-0.44314632,0.5313485,-0.2345111,2.7571604,0.72702235,-0.72702235,0.57514346,-1.056839,0.3723249,0.8310782,0.11231113,-0.026682725,1.2762717,-0.32408217,-0.5121529,-0.07319742
0.0,2.252226,-1.8783636,-0.2345111,-0.36199042,0.72702235,-0.72702235,0.57514346,0.56930906,0.4991348,-1.4610074,-2.0947611,0.19264066,-0.87644154,-1.2433424,0.99483573,-0.07319742
2.44,-0.44314632,0.5313485,-0.2345111,-0.36199042,-1.3728131,1.3728131,-1.1536309,-0.24376495,0.24551643,1.4415722,0.46987703,-0.20214127,1.0351678,-0.1402301,0.77157813,-0.07319742
3.05,-0.44314632,0.5313485,-0.2345111,-0.36199042,-1.3728131,1.3728131,-1.1536309,0.56930906,0.17305385,1.0996331,0.26227117,-0.31180307,1.0179461,-0.5079342,-0.009823366,-0.07319742
185.76,-0.44314632,0.5313485,-0.2345111,-0.36199042,0.72702235,-0.72702235,1.4395306,3.008531,0.19116916,1.2573309,0.35458532,-0.26793832,1.2590503,-0.5079342,0.26924857,-0.07319742
0.0,-0.44314632,0.5313485,-0.2345111,-0.36199042,0.72702235,-0.72702235,-1.1536309,-0.24376495,0.8252144,1.6679703,0.5726722,1.9691602,2.0512486,-1.5497625,0.26924857,-0.07319742
6.3,-0.44314632,0.5313485,-0.2345111,2.7571604,-1.3728131,1.3728131,1.4395306,1.382383,-0.31606618,2.3768306,0.9995745,-0.83817923,1.7929229,-1.0594903,-0.23308098,-0.07319742
0.72,-0.44314632,0.5313485,-0.2345111,-0.36199042,-1.3728131,1.3728131,-1.5858245,-1.056839,0.100591265,-0.25875542,0.7919686,-0.13634442,0.5874034,0.22747399,-0.009823366,-0.07319742
4.96,-0.44314632,0.5313485,-0.2345111,-0.36199042,-1.3728131,1.3728131,1.4395306,1.382383,0.5534807,1.8771935,0.67385477,-0.13634442,1.379602,-0.8143543,-0.23308098,-0.07319742
0.0,-0.44314632,0.5313485,-0.2345111,-0.36199042,0.72702235,-0.72702235,-1.1536309,-1.869913,0.17305385,2.1473095,0.8298616,-0.5969234,0.26019102,0.7177461,-1.0144824,-0.07319742
0.0,-0.44314632,0.5313485,-0.2345111,-0.36199042,0.72702235,-0.72702235,1.4395306,1.382383,0.17305385,2.1473095,0.8298616,-0.5969234,0.26019102,0.7177461,-1.0144824,-0.07319742
2.35,-0.44314632,0.5313485,-0.2345111,-0.36199042,0.72702235,-0.72702235,-1.1536309,-0.24376495,0.26363173,1.5009041,0.5025295,-0.18020906,1.5518191,-0.6917862,-1.0144824,-0.07319742
0.0,-0.44314632,0.5313485,-0.2345111,-0.36199042,0.72702235,-0.72702235,-1.5858245,-1.056839,0.75275314,1.7413545,0.6073403,1.0699342,1.2590503,-0.6305022,0.99483573,-0.07319742
3.2,-0.44314632,0.5313485,-0.2345111,-0.36199042,-1.3728131,1.3728131,-0.72143734,-0.24376495,0.17305385,1.0996331,0.26227117,-0.31180307,0.98350286,-0.017662076,-0.009823366,-0.07319742
0.0,-0.44314632,0.5313485,-0.2345111,-0.36199042,0.72702235,-0.72702235,1.0073371,-0.24376495,-0.1711424,2.75312,1.2148395,-0.4872617,0.08797396,0.04362194,-0.23308098,-0.07319742
6.36,-0.44314632,0.5313485,-0.2345111,-0.36199042,-1.3728131,1.3728131,-1.5858245,-1.056839,0.26363173,1.048108,0.231231,0.12684381,0.7596205,-0.26279813,-0.009823366,-0.07319742
0.0,-0.44314632,0.5313485,-0.2345111,-0.36199042,0.72702235,-0.72702235,1.4395306,1.382383,0.75275314,1.7413545,0.6073403,1.0699342,0.86295074,-0.38536617,1.4971651,-0.07319742
15.34,-0.44314632,0.5313485,-0.2345111,-0.36199042,-1.3728131,1.3728131,-1.1536309,-0.24376495,0.5353654,1.9396482,0.7061042,0.23650551,0.34629956,1.3305863,0.49250618,-0.07319742
0.0,-0.44314632,0.5313485,-0.2345111,-0.36199042,0.72702235,-0.72702235,-1.5858245,-0.24376495,-0.008101922,2.481442,1.0612515,-0.77238214,0.57018197,0.04362194,-0.23308098,-0.07319742
0.0,-0.44314632,0.5313485,-0.2345111,2.7571604,-1.3728131,1.3728131,-1.1536309,0.56930906,0.028130062,-0.40864664,-0.6907003,-0.75044984,0.845729,0.41132602,-1.2377399,-0.07319742
0.54,-0.44314632,0.5313485,-0.2345111,-0.36199042,0.72702235,-0.72702235,1.4395306,1.382383,0.26363173,1.5009041,0.5025295,-0.18020906,1.3623801,-0.5692182,-1.5168118,-0.07319742
0.0,-0.44314632,0.5313485,-0.2345111,-0.36199042,-1.3728131,1.3728131,1.4395306,1.382383,-0.2254883,2.2285008,0.88871694,0.14877602,-0.8075548,1.7595744,-0.7354104,-0.07319742
6.43,-0.44314632,0.5313485,-0.2345111,-0.36199042,-1.3728131,1.3728131,-1.1536309,0.56930906,0.5534807,1.8771935,0.67385477,-0.13634442,0.8112858,0.53389406,-0.009823366,-0.07319742
0.33,-0.44314632,0.5313485,-0.2345111,-0.36199042,0.72702235,-0.72702235,-1.5858245,-1.056839,0.08247597,-0.30559638,0.76657194,-0.39953244,0.03630897,0.104905955,-1.0144824,-0.07319742
0.0,-0.44314632,0.5313485,-0.2345111,-0.36199042,0.72702235,-0.72702235,0.14294988,-0.24376495,-0.062447824,2.796838,1.2390265,-0.3556677,-0.46312046,0.84031415,-0.23308098,-0.07319742
1.23,-0.44314632,0.5313485,-0.2345111,-0.36199042,0.72702235,-0.72702235,1.4395306,1.382383,0.26363173,1.5009041,0.5025295,-0.18020906,1.1384982,-0.9369223,-1.2377399,-0.07319742
3.35,2.252226,-1.8783636,-0.2345111,2.7571604,0.72702235,-0.72702235,0.57514346,0.56930906,-0.49722195,-1.3423434,-2.0411463,-1.1671643,-1.3758712,1.2080182,-0.5121529,-0.07319742
0.0,-0.44314632,0.5313485,-0.2345111,2.7571604,0.72702235,-0.72702235,-1.5858245,-1.869913,0.010013379,-0.46797848,-0.7241592,1.705972,-0.70422447,2.0659945,2.222752,-0.07319742
9.96,-0.44314632,0.5313485,-0.2345111,-0.36199042,0.72702235,-0.72702235,-1.1536309,0.56930906,-0.062447824,2.796838,1.2390265,-0.3556677,-0.46312046,0.84031415,-0.23308098,-0.07319742
0.0,-0.44314632,0.5313485,-0.2345111,-0.36199042,-1.3728131,1.3728131,0.14294988,0.56930906,0.60782796,-0.9832293,-1.8029034,0.36809942,-0.27368194,2.1885624,0.26924857,-0.07319742
0.0,-0.44314632,0.5313485,-0.2345111,-0.36199042,-1.3728131,1.3728131,0.57514346,0.56930906,0.24551643,1.4415722,0.46987703,-0.20214127,0.03630897,1.5757223,-1.0144824,-0.07319742
0.0,2.252226,-1.8783636,-0.2345111,-0.36199042,0.72702235,-0.72702235,-0.72143734,-0.24376495,0.4991348,-1.4610074,-2.0947611,0.19264066,-1.7203052,-0.5692182,2.222752,-0.07319742
0.0,-0.44314632,0.5313485,-0.2345111,-0.36199042,0.72702235,-0.72702235,1.0073371,-0.24376495,-0.1711424,2.7172081,1.1934742,0.23650551,-1.4447579,2.0047104,-0.009823366,-0.07319742
0.0,-0.44314632,0.5313485,-0.2345111,-0.36199042,-1.3728131,1.3728131,1.0073371,-0.24376495,0.17305385,1.0996331,0.26227117,-0.31180307,0.07075219,1.0241662,0.49250618,-0.07319742
6.43,-0.44314632,0.5313485,-0.2345111,-0.36199042,0.72702235,-0.72702235,-0.28924373,0.56930906,0.8252144,1.6679703,0.5726722,1.9691602,0.77684224,0.288758,0.77157813,-0.07319742
9.71,-0.44314632,0.5313485,-0.2345111,-0.36199042,0.72702235,-0.72702235,-1.5858245,-0.24376495,-0.026217224,1.3416449,0.4110219,1.5963103,-1.2208756,2.6788347,0.49250618,-0.07319742
0.0,-0.44314632,0.5313485,-0.2345111,-0.36199042,0.72702235,-0.72702235,1.0073371,-0.24376495,0.15493855,1.9880503,0.7363381,-0.33373538,-0.20479485,1.2693022,-0.009823366,-0.07319742
0.0,-0.44314632,0.5313485,-0.2345111,-0.36199042,0.72702235,-0.72702235,-0.28924373,0.56930906,-0.2254883,2.4252331,1.0294051,-0.75044984,-0.2564602,0.59517807,-0.5121529,-0.07319742
0.0,-0.44314632,0.5313485,-0.2345111,-0.36199042,0.72702235,-0.72702235,-0.72143734,-0.24376495,0.17305385,2.1473095,0.8298616,-0.5969234,-0.35979047,0.7177461,-0.5121529,-0.07319742
0.0,-0.44314632,0.5313485,-0.2345111,2.7571604,0.72702235,-0.72702235,-0.72143734,-0.24376495,0.7165212,0.76706207,0.07764307,1.68404,-0.17035164,0.22747399,-0.7354104,-0.07319742
0.0,-0.44314632,0.5313485,-0.2345111,-0.36199042,0.72702235,-0.72702235,-1.1536309,-0.24376495,0.17305385,2.1473095,0.8298616,-0.5969234,-0.3942337,0.90159816,-0.7354104,-0.07319742
82.75,-0.44314632,0.5313485,-0.2345111,-0.36199042,0.72702235,-0.72702235,-1.5858245,-0.24376495,0.19116916,1.2573309,0.35458532,-0.26793832,0.1740825,0.35004202,-0.009823366,-0.07319742
3.32,-0.44314632,0.5313485,-0.2345111,-0.36199042,-1.3728131,1.3728131,1.4395306,1.382383,0.5534807,1.8771935,0.67385477,-0.13634442,0.0018654265,1.2080182,0.49250618,-0.07319742
1.94,-0.44314632,0.5313485,-0.2345111,-0.36199042,-1.3728131,1.3728131,1.0073371,-0.24376495,0.17305385,2.5438964,1.0930977,-0.28987074,-0.5836725,1.6982903,2.222752,-0.07319742
0.0,-0.44314632,0.5313485,-0.2345111,-0.36199042,-1.3728131,1.3728131,-1.1536309,0.56930906,0.5534807,1.8771935,0.67385477,-0.13634442,0.0018654265,1.2080182,0.49250618,-0.07319742
0.0,-0.44314632,0.5313485,-0.2345111,-0.36199042,-1.3728131,1.3728131,1.4395306,1.382383,0.5534807,1.8771935,0.67385477,-0.13634442,0.0018654265,1.2080182,0.49250618,-0.07319742
3.71,-0.44314632,0.5313485,-0.2345111,-0.36199042,-1.3728131,1.3728131,-1.5858245,-0.24376495,0.06436066,2.5829306,1.1172848,-0.42146474,-0.7558896,1.9434264,1.9994946,-0.07319742
5.39,2.252226,-1.8783636,-0.2345111,-0.36199042,0.72702235,-0.72702235,0.57514346,0.56930906,-2.8160164,-1.6624236,-2.1435382,-1.5619463,-2.4608386,2.3111305,1.2739077,-0.07319742
2.14,2.252226,-1.8783636,-0.2345111,-0.36199042,0.72702235,-0.72702235,0.57514346,-0.24376495,-2.8160164,-1.6624236,-2.1435382,-1.5619463,-2.37473,2.0047104,0.77157813,-0.07319742
6.84,2.252226,-1.8783636,-0.2345111,-0.36199042,-1.3728131,1.3728131,-1.1536309,-1.869913,-2.0189307,-1.6749145,-2.1471665,-1.5838786,-2.4608386,0.90159816,-1.7400694,-0.07319742
3.18,2.252226,-1.8783636,-0.2345111,-0.36199042,0.72702235,-0.72702235,0.57514346,0.56930906,-0.62403184,-1.4953574,-2.060093,-0.42146474,-1.496423,0.04362194,0.99483573,-0.07319742
5.55,2.252226,-1.8783636,-0.2345111,-0.36199042,0.72702235,-0.72702235,-0.72143734,-0.24376495,-0.08056451,-1.442271,-2.0431619,-0.3776,-1.324206,-0.20151412,0.77157813,-0.07319742
6.61,2.252226,-1.8783636,-0.2345111,-0.36199042,0.72702235,-0.72702235,0.57514346,0.56930906,0.11870795,-1.4094822,-2.033487,-0.114411995,-0.96255004,-1.0594903,-0.23308098,-0.07319742
61.13,2.252226,-1.8783636,-0.2345111,2.7571604,-1.3728131,1.3728131,0.57514346,-1.056839,0.06436066,-1.5031643,-2.1056454,0.7190169,-0.8936633,-0.6917862,3.0041535,-0.07319742
0.0,2.252226,-1.8783636,-0.2345111,2.7571604,-1.3728131,1.3728131,0.14294988,-0.24376495,0.06436066,-1.5031643,-2.1056454,0.7190169,-0.22201663,-1.0594903,0.99483573,-0.07319742
38.48,-0.44314632,-1.8783636,-0.2345111,2.7571604,0.72702235,-0.72702235,-0.28924373,-1.056839,-0.1892577,-1.3345367,-1.9117453,-0.72851753,-0.15312988,-0.26279813,-0.009823366,-0.07319742
1.94,-0.44314632,-1.8783636,-0.2345111,2.7571604,0.72702235,-0.72702235,1.4395306,-1.056839,-0.44287607,-0.22908954,-1.2857028,-0.94784087,-0.790333,2.1272786,-0.009823366,-0.07319742
70.32,-0.44314632,-1.8783636,-0.2345111,2.7571604,-1.3728131,1.3728131,1.8717242,-0.24376495,-0.026217224,-0.777129,-1.1905669,0.082978964,0.96628106,0.35004202,-0.5121529,-0.07319742
10.08,-0.44314632,-1.8783636,-0.2345111,2.7571604,0.72702235,-0.72702235,-0.28924373,-1.056839,0.42667222,-0.11042563,-0.93216807,0.39003184,1.2934934,-0.5692182,-0.7354104,-0.07319742
3.19,-0.44314632,-1.8783636,-0.2345111,2.7571604,0.72702235,-0.72702235,-1.1536309,0.56930906,0.5534807,0.16905881,-0.79712343,1.9691602,0.6562905,-0.26279813,3.0041535,-0.07319742
1.76,-0.44314632,0.5313485,-0.2345111,2.7571604,0.72702235,-0.72702235,-0.28924373,-1.056839,0.5172501,-0.39927834,-0.61652654,0.19264066,1.4312673,-0.9982063,-1.5168118,-0.07319742
7.36,-0.44314632,0.5313485,-0.2345111,2.7571604,-1.3728131,1.3728131,-0.28924373,-1.056839,0.5534807,-0.14945978,-0.502041,1.2453929,1.2418284,0.04362194,-0.009823366,-0.07319742
2.21,-0.44314632,0.5313485,-0.2345111,2.7571604,-1.3728131,1.3728131,1.0073371,-0.24376495,0.5534807,-0.14945978,-0.502041,1.2453929,-0.118686326,2.3111305,0.26924857,-0.07319742
278.53,-0.44314632,0.5313485,-0.2345111,2.7571604,0.72702235,-0.72702235,1.0073371,-0.24376495,-0.26172027,-0.108864285,-0.46898526,-0.5749911,0.6390687,0.77903014,0.49250618,-0.07319742
2.75,-0.44314632,0.5313485,-0.2345111,2.7571604,0.72702235,-0.72702235,1.8717242,3.821605,0.4629028,0.05507916,0.048618507,0.10491139,1.9479185,-1.1820583,0.26924857,-0.07319742
0.0,-0.44314632,0.5313485,-0.2345111,2.7571604,0.72702235,-0.72702235,-0.28924373,-1.056839,0.4629028,0.05507916,0.048618507,0.10491139,1.9479185,-1.3659104,0.49250618,-0.07319742
1.29,-0.44314632,0.5313485,-0.2345111,-0.36199042,-1.3728131,1.3728131,-0.72143734,-0.24376495,0.7708685,0.30333638,0.15786344,1.1137991,0.77684224,-0.26279813,0.99483573,-0.07319742
0.0,-0.44314632,0.5313485,-0.2345111,-0.36199042,-1.3728131,1.3728131,1.4395306,1.382383,0.7708685,0.30333638,0.15786344,1.1137991,2.085692,-1.0594903,0.77157813,-0.07319742
26.43,-0.44314632,0.5313485,-0.2345111,-0.36199042,-1.3728131,1.3728131,-1.1536309,0.56930906,0.7708685,0.30333638,0.15786344,1.1137991,2.4473476,-1.1820583,-0.009823366,-0.07319742
2.07,-0.44314632,0.5313485,-0.2345111,-0.36199042,0.72702235,-0.72702235,-1.1536309,-0.24376495,0.78898376,0.3845274,0.19495037,2.6929271,2.0168052,-0.9982063,-0.23308098,-0.07319742
2.0,-0.44314632,0.5313485,-0.2345111,-0.36199042,0.72702235,-0.72702235,0.14294988,-0.24376495,0.80709904,0.47508666,0.2332466,1.9033633,0.8973943,-0.07894609,1.2739077,-0.07319742
16.4,-0.44314632,0.5313485,-0.2345111,-0.36199042,0.72702235,-0.72702235,0.14294988,-0.24376495,0.80709904,0.47508666,0.2332466,1.9033633,1.2934934,-0.6305022,-0.23308098,-0.07319742
46.7,-0.44314632,0.5313485,-0.2345111,-0.36199042,0.72702235,-0.72702235,-0.28924373,-0.24376495,0.80709904,0.47508666,0.2332466,1.9033633,0.08797396,1.6370063,1.9994946,-0.07319742
0.0,-0.44314632,0.5313485,-0.2345111,-0.36199042,0.72702235,-0.72702235,-0.28924373,-0.24376495,0.80709904,0.47508666,0.2332466,1.9033633,0.29463458,0.84031415,-1.5168118,-0.07319742
0.0,-0.44314632,0.5313485,-0.2345111,-0.36199042,0.72702235,-0.72702235,-0.28924373,-0.24376495,0.80709904,0.47508666,0.2332466,1.9033633,1.6895928,-0.6917862,-0.009823366,-0.07319742
0.0,-0.44314632,0.5313485,-0.2345111,-0.36199042,0.72702235,-0.72702235,-0.28924373,-0.24376495,0.93390894,0.6421528,0.30701718,1.048002,2.3267963,-1.4271945,0.26924857,-0.07319742
0.0,-0.44314632,0.5313485,-0.2345111,-0.36199042,0.72702235,-0.72702235,-1.5858245,-1.056839,0.9520242,0.7358348,0.3453134,0.4996935,2.3267963,-1.0594903,-1.0144824,-0.07319742
43.32,-0.44314632,0.5313485,-0.2345111,-0.36199042,0.72702235,-0.72702235,-1.5858245,-1.056839,0.9520242,0.7358348,0.3453134,0.4996935,1.4829323,-0.9369223,0.26924857,-0.07319742
8.59,-0.44314632,0.5313485,-0.2345111,-0.36199042,-1.3728131,1.3728131,0.57514346,1.382383,0.97013956,0.8295167,0.38320664,1.0918666,2.0512486,-0.8756383,0.49250618,-0.07319742
0.0,-0.44314632,0.5313485,-0.2345111,-0.36199042,0.72702235,-0.72702235,0.57514346,1.382383,1.0063702,1.0090739,0.4589928,1.705972,0.86295074,-0.1402301,-1.0144824,-0.07319742
2.77,-0.44314632,0.5313485,-0.2345111,-0.36199042,0.72702235,-0.72702235,-0.28924373,0.56930906,1.0063702,1.0090739,0.4589928,1.705972,2.361239,-1.1207744,-0.5121529,-0.07319742
14.68,-0.44314632,0.5313485,-0.2345111,-0.36199042,0.72702235,-0.72702235,-0.72143734,-0.24376495,0.98825485,1.0965104,0.49688601,1.1576637,2.3095741,-1.0594903,-1.0144824,-0.07319742
40.54,-0.44314632,0.5313485,-0.2345111,-0.36199042,0.72702235,-0.72702235,0.57514346,0.56930906,0.98825485,1.0965104,0.49688601,1.1576637,2.4817913,-1.1207744,-0.7354104,-0.07319742
10.82,-0.44314632,0.5313485,-0.2345111,-0.36199042,0.72702235,-0.72702235,1.0073371,0.56930906,0.98825485,1.0965104,0.49688601,1.1576637,1.4484887,1.1467342,0.49250618,21.55141
0.0,-0.44314632,0.5313485,-0.2345111,-0.36199042,0.72702235,-0.72702235,1.4395306,1.382383,0.98825485,1.0965104,0.49688601,1.1576637,0.46685165,1.2693022,0.49250618,2.6298788
0.0,-0.44314632,0.5313485,-0.2345111,-0.36199042,0.72702235,-0.72702235,1.0073371,0.56930906,0.98825485,1.0965104,0.49688601,1.1576637,0.46685165,1.2693022,0.49250618,2.6298788
0.0,-0.44314632,0.5313485,-0.2345111,-0.36199042,0.72702235,-0.72702235,-0.28924373,-0.24376495,0.98825485,1.0965104,0.49688601,1.1576637,0.31185636,1.5144383,0.49250618,1.2783406
1.95,-0.44314632,0.5313485,-0.2345111,-0.36199042,0.72702235,-0.72702235,-1.1536309,-0.24376495,0.69840586,0.44542056,0.569044,2.4078069,1.7757014,-0.8756383,0.49250618,-0.07319742
49.59,-0.44314632,0.5313485,-0.2345111,-0.36199042,0.72702235,-0.72702235,-0.28924373,-1.056839,0.69840586,0.44542056,0.569044,2.4078069,1.7240361,-0.9369223,0.49250618,-0.07319742
5.8,-0.44314632,0.5313485,-0.2345111,-0.36199042,0.72702235,-0.72702235,-1.5858245,-1.869913,0.06436066,0.8170257,0.7919686,0.23650551,1.3451588,-0.5692182,-1.2377399,-0.07319742
0.0,-0.44314632,0.5313485,-0.2345111,-0.36199042,0.72702235,-0.72702235,-1.5858245,-1.869913,0.06436066,0.8747962,0.82502407,-0.42146474,-0.06702133,1.7595744,2.5018241,-0.07319742
0.0,-0.44314632,0.5313485,-0.2345111,-0.36199042,0.72702235,-0.72702235,-1.1536309,-0.24376495,0.06436066,0.8747962,0.82502407,-0.42146474,1.207385,-0.20151412,-0.23308098,-0.07319742
0.0,-0.44314632,0.5313485,-0.2345111,-0.36199042,0.72702235,-0.72702235,-1.5858245,-1.869913,0.06436066,0.8747962,0.82502407,-0.42146474,1.207385,-0.20151412,-0.23308098,-0.07319742
2.17,-0.44314632,0.5313485,-0.2345111,-0.36199042,0.72702235,-0.72702235,0.14294988,-0.24376495,0.06436066,0.8747962,0.82502407,-0.42146474,0.38074312,1.6370063,1.9994946,4.6571856
0.43,-0.44314632,0.5313485,-0.2345111,-0.36199042,0.72702235,-0.72702235,0.57514346,0.56930906,0.06436066,0.8747962,0.82502407,-0.42146474,-0.118686326,1.0854502,0.77157813,-0.07319742
0.0,-0.44314632,0.5313485,-0.2345111,-0.36199042,-1.3728131,1.3728131,1.4395306,1.382383,-1.6385039,-0.84582907,0.47431123,-1.5619463,1.5345973,-0.5692182,-0.7354104,-0.07319742
6.44,-0.44314632,0.5313485,-0.2345111,-0.36199042,-1.3728131,1.3728131,-0.28924373,-1.056839,-1.6385039,-0.84582907,0.47431123,-1.5619463,1.5345973,-0.75307024,-0.7354104,-0.07319742
54.29,-0.44314632,0.5313485,-0.2345111,-0.36199042,-1.3728131,1.3728131,-1.1536309,-0.24376495,-1.6385039,-0.84582907,0.47431123,-1.5619463,0.51851666,1.6370063,0.99483573,-0.07319742
11.16,-0.44314632,0.5313485,-0.2345111,-0.36199042,-1.3728131,1.3728131,1.0073371,-0.24376495,-1.6385039,-0.84582907,0.47431123,-1.5619463,0.3979649,1.5757223,1.4971651,-0.07319742
0.0,-0.44314632,0.5313485,-0.2345111,-0.36199042,-1.3728131,1.3728131,-1.5858245,-0.24376495,0.6802906,0.5484708,0.2691242,0.4996935,1.1557199,-0.1402301,-0.009823366,-0.07319742
0.0,-0.44314632,-1.8783636,4.255942,-0.36199042,0.72702235,-0.72702235,0.57514346,-1.056839,-2.0189307,-1.6842827,-1.7787163,-1.7374051,-1.2208756,-0.8143543,0.26924857,-0.07319742
